atleta_id,apelido,clube,posicao,preco_num,variacao_num,media_num,jogos_num,minimo_para_valorizar,CA,DS,FC,FD,FF,FS,SG,G,I,A,PS,V,GC,PC,CV,DE,GS,FT,PP,DP
141125,Robert,CAM,Goleiro,1.0,0.0,0.0,0,0.38,0.0,0.0,0.0,0.0,0.0,0.0,0.0,0.0,0.0,0.0,0.0,0.0,0.0,0.0,0.0,0.0,0.0,0.0,0.0,0.0
151003,Eduardo,PAL,Atacante,1.0,0.0,0.0,0,0.38,0.0,0.0,0.0,0.0,0.0,0.0,0.0,0.0,0.0,0.0,0.0,0.0,0.0,0.0,0.0,0.0,0.0,0.0,0.0,0.0
144889,Victor Gabriel,PAL,Meia,1.0,0.0,0.0,0,0.38,0.0,0.0,0.0,0.0,0.0,0.0,0.0,0.0,0.0,0.0,0.0,0.0,0.0,0.0,0.0,0.0,0.0,0.0,0.0,0.0
145413,Rafael Coutinho,PAL,Meia,1.0,0.0,0.0,0,0.38,0.0,0.0,0.0,0.0,0.0,0.0,0.0,0.0,0.0,0.0,0.0,0.0,0.0,0.0,0.0,0.0,0.0,0.0,0.0,0.0
147544,Gabriel Menegon,GRE,Goleiro,1.81,0.0,0.0,1,0.68,0.0,0.0,0.0,0.0,0.0,0.0,0.0,0.0,0.0,0.0,0.0,0.0,0.0,0.0,0.0,0.0,0.0,0.0,0.0,0.0
146663,Kauan Lima,PAL,Goleiro,1.0,0.0,0.0,0,0.38,0.0,0.0,0.0,0.0,0.0,0.0,0.0,0.0,0.0,0.0,0.0,0.0,0.0,0.0,0.0,0.0,0.0,0.0,0.0,0.0
150995,Sayago,FLA,Meia,2.0,0.0,0.0,0,0.75,0.0,0.0,0.0,0.0,0.0,0.0,0.0,0.0,0.0,0.0,0.0,0.0,0.0,0.0,0.0,0.0,0.0,0.0,0.0,0.0
97101,Gabriel Rojas,CRU,Lateral,6.06,0.15,2.89,7,2.27,1.0,9.0,11.0,1.0,1.0,8.0,1.0,0.0,0.0,0.0,0.0,0.0,0.0,0.0,0.0,0.0,0.0,0.0,0.0,0.0
130279,Lukas Zuccarello,VAS,Meia,2.32,0.0,1.3,1,0.87,0.0,0.0,0.0,0.0,1.0,1.0,0.0,0.0,0.0,0.0,0.0,0.0,0.0,0.0,0.0,0.0,0.0,0.0,0.0,0.0
144255,João Alencar,SAN,Zagueiro,1.0,0.0,0.0,0,0.38,0.0,0.0,0.0,0.0,0.0,0.0,0.0,0.0,0.0,0.0,0.0,0.0,0.0,0.0,0.0,0.0,0.0,0.0,0.0,0.0
147736,Pepê Fermino,SAN,Meia,1.0,0.0,0.0,0,0.38,0.0,0.0,0.0,0.0,0.0,0.0,0.0,0.0,0.0,0.0,0.0,0.0,0.0,0.0,0.0,0.0,0.0,0.0,0.0,0.0
145703,Kaio Nóbrega,FLA,Meia,1.0,0.0,0.0,0,0.38,0.0,0.0,0.0,0.0,0.0,0.0,0.0,0.0,0.0,0.0,0.0,0.0,0.0,0.0,0.0,0.0,0.0,0.0,0.0,0.0
141536,Yuri Alves,RBB,Meia,1.55,0.0,1.05,4,0.58,0.0,2.0,2.0,0.0,1.0,2.0,0.0,0.0,0.0,0.0,0.0,0.0,0.0,0.0,0.0,0.0,0.0,0.0,0.0,0.0
130307,Wallace,GRE,Zagueiro,5.07,0.25,3.08,6,1.9,2.0,7.0,7.0,0.0,2.0,5.0,0.0,1.0,0.0,0.0,0.0,0.0,0.0,0.0,0.0,0.0,0.0,0.0,0.0,0.0
148126,Weimar Palacios,RBB,Zagueiro,1.0,0.0,0.0,0,0.38,0.0,0.0,0.0,0.0,0.0,0.0,0.0,0.0,0.0,0.0,0.0,0.0,0.0,0.0,0.0,0.0,0.0,0.0,0.0,0.0
151120,Jorge Rivaldo,CAP,Atacante,3.52,0.0,0.17,3,1.32,0.0,0.0,2.0,1.0,0.0,0.0,0.0,0.0,1.0,0.0,0.0,0.0,0.0,0.0,0.0,0.0,0.0,0.0,0.0,0.0
37715,Thiago Silva,FLU,Zagueiro,6.83,0.0,3.1,3,2.56,1.0,2.0,2.0,0.0,3.0,1.0,1.0,0.0,0.0,0.0,0.0,0.0,0.0,0.0,0.0,0.0,0.0,0.0,0.0,0.0
114208,Alejo Véliz,BAH,Atacante,7.19,-0.91,5.96,8,2.7,0.0,1.0,11.0,3.0,13.0,12.0,0.0,3.0,5.0,1.0,1.0,0.0,0.0,0.0,0.0,0.0,0.0,0.0,0.0,0.0
106907,Rafael Lacerda,CHA,Técnico,8.22,-0.35,5.14,8,3.08,0.0,0.0,0.0,0.0,0.0,0.0,0.0,0.0,0.0,0.0,0.0,2.0,0.0,0.0,0.0,0.0,0.0,0.0,0.0,0.0
98617,Maripán,INT,Zagueiro,4.03,-0.22,2.19,8,1.51,2.0,5.0,12.0,1.0,3.0,4.0,2.0,0.0,0.0,0.0,0.0,0.0,0.0,0.0,0.0,0.0,0.0,0.0,0.0,0.0
94214,Léo Duarte,CAM,Zagueiro,5.0,0.0,0.0,0,1.88,0.0,0.0,0.0,0.0,0.0,0.0,0.0,0.0,0.0,0.0,0.0,0.0,0.0,0.0,0.0,0.0,0.0,0.0,0.0,0.0
141763,Fabiano Souza,VIT,Lateral,3.85,0.0,0.23,3,1.44,1.0,2.0,2.0,0.0,1.0,3.0,0.0,0.0,0.0,0.0,0.0,0.0,1.0,0.0,0.0,0.0,0.0,0.0,0.0,0.0
107203,Max,CHA,Meia,4.39,0.0,1.85,2,1.65,0.0,2.0,2.0,0.0,1.0,1.0,0.0,0.0,0.0,0.0,0.0,0.0,0.0,0.0,0.0,0.0,0.0,0.0,0.0,0.0
151294,Juan Ferreira,CHA,Meia,1.0,0.0,0.0,0,0.38,0.0,0.0,0.0,0.0,0.0,0.0,0.0,0.0,0.0,0.0,0.0,0.0,0.0,0.0,0.0,0.0,0.0,0.0,0.0,0.0
130443,Luciano,CHA,Zagueiro,1.0,0.0,0.0,0,0.38,0.0,0.0,0.0,0.0,0.0,0.0,0.0,0.0,0.0,0.0,0.0,0.0,0.0,0.0,0.0,0.0,0.0,0.0,0.0,0.0
108946,Victor Sá,SAO,Atacante,5.51,-0.57,3.06,5,2.07,0.0,5.0,3.0,1.0,0.0,5.0,0.0,0.0,0.0,1.0,0.0,0.0,0.0,0.0,0.0,0.0,0.0,0.0,0.0,0.0
120681,Marco Moreno,BAH,Zagueiro,4.0,0.0,0.0,0,1.5,0.0,0.0,0.0,0.0,0.0,0.0,0.0,0.0,0.0,0.0,0.0,0.0,0.0,0.0,0.0,0.0,0.0,0.0,0.0,0.0
103626,Ocampo,CFC,Atacante,4.51,0.0,1.1,3,1.69,0.0,1.0,1.0,0.0,2.0,1.0,0.0,0.0,0.0,0.0,0.0,0.0,0.0,0.0,0.0,0.0,0.0,0.0,0.0,0.0
102310,Matheus Felipe,REM,Zagueiro,3.85,-0.29,2.03,3,1.44,3.0,4.0,3.0,0.0,0.0,0.0,1.0,0.0,0.0,0.0,0.0,0.0,0.0,1.0,0.0,0.0,0.0,0.0,0.0,0.0
105901,Edson Fernando,REM,Meia,1.76,0.0,-1.05,2,0.66,0.0,1.0,2.0,0.0,0.0,0.0,0.0,0.0,0.0,0.0,0.0,0.0,0.0,0.0,1.0,0.0,0.0,0.0,0.0,0.0
124369,Léo Aragão,CRU,Goleiro,2.0,0.0,0.0,0,0.75,0.0,0.0,0.0,0.0,0.0,0.0,0.0,0.0,0.0,0.0,0.0,0.0,0.0,0.0,0.0,0.0,0.0,0.0,0.0,0.0
51413,Walter,MIR,Goleiro,5.06,0.0,2.69,20,1.9,3.0,0.0,0.0,0.0,0.0,2.0,1.0,0.0,0.0,0.0,0.0,0.0,0.0,1.0,0.0,63.0,30.0,0.0,0.0,0.0
106199,Gabriel Pec,CRU,Atacante,7.94,0.0,4.1,1,2.98,0.0,1.0,1.0,1.0,1.0,2.0,0.0,0.0,1.0,0.0,0.0,0.0,0.0,0.0,0.0,0.0,0.0,0.0,0.0,0.0
117061,Gabriel Knesowitsch,MIR,Zagueiro,1.41,-0.05,-0.2,6,0.53,2.0,1.0,5.0,0.0,1.0,0.0,0.0,0.0,0.0,0.0,0.0,0.0,0.0,0.0,0.0,0.0,0.0,0.0,0.0,0.0
128177,Pedro Emanuel,VAS,Técnico,10.04,0.47,5.26,7,3.76,0.0,0.0,0.0,0.0,0.0,0.0,0.0,0.0,0.0,0.0,0.0,2.0,0.0,0.0,0.0,0.0,0.0,0.0,0.0,0.0
122121,Túlio Eduardo,CHA,Atacante,5.87,-0.15,3.8,6,2.2,1.0,1.0,12.0,4.0,5.0,3.0,0.0,2.0,4.0,0.0,0.0,0.0,0.0,0.0,0.0,0.0,0.0,0.0,0.0,0.0
99267,Pochettino,VIT,Meia,5.0,0.38,2.3,8,1.88,0.0,6.0,2.0,3.0,3.0,2.0,0.0,0.0,0.0,0.0,0.0,0.0,0.0,0.0,0.0,0.0,0.0,1.0,0.0,0.0
113558,Bruninho,RBB,Meia,4.0,0.0,0.0,0,1.5,0.0,0.0,0.0,0.0,0.0,0.0,0.0,0.0,0.0,0.0,0.0,0.0,0.0,0.0,0.0,0.0,0.0,0.0,0.0,0.0
112985,Peralta,CRU,Meia,4.0,0.0,0.0,0,1.5,0.0,0.0,0.0,0.0,0.0,0.0,0.0,0.0,0.0,0.0,0.0,0.0,0.0,0.0,0.0,0.0,0.0,0.0,0.0,0.0
123445,Dantas,CAP,Zagueiro,5.1,0.0,2.92,4,1.91,1.0,6.0,6.0,0.0,0.0,1.0,0.0,0.0,0.0,1.0,0.0,0.0,0.0,0.0,0.0,0.0,0.0,0.0,0.0,0.0
101995,Brítez,VIT,Zagueiro,4.53,-1.18,2.61,7,1.7,2.0,6.0,5.0,0.0,1.0,4.0,2.0,0.0,0.0,0.0,0.0,0.0,0.0,0.0,0.0,0.0,0.0,0.0,0.0,0.0
126996,Paulinho,VAS,Lateral,4.0,0.0,0.0,0,1.5,0.0,0.0,0.0,0.0,0.0,0.0,0.0,0.0,0.0,0.0,0.0,0.0,0.0,0.0,0.0,0.0,0.0,0.0,0.0,0.0
99034,Elias,MIR,Lateral,3.41,0.0,1.8,1,1.28,1.0,2.0,4.0,0.0,0.0,2.0,0.0,0.0,0.0,0.0,0.0,0.0,0.0,0.0,0.0,0.0,0.0,0.0,0.0,0.0
103562,Guido Herrera,BAH,Goleiro,6.0,0.0,0.0,0,2.25,0.0,0.0,0.0,0.0,0.0,0.0,0.0,0.0,0.0,0.0,0.0,0.0,0.0,0.0,0.0,0.0,0.0,0.0,0.0,0.0
91130,Fernandinho,MIR,Atacante,3.53,-0.15,1.79,7,1.32,1.0,7.0,8.0,1.0,1.0,7.0,0.0,0.0,1.0,0.0,0.0,0.0,0.0,0.0,0.0,0.0,0.0,0.0,0.0,0.0
98333,Gabriel Batista,BOT,Goleiro,5.89,0.48,5.35,4,2.21,0.0,0.0,0.0,0.0,0.0,0.0,1.0,0.0,0.0,0.0,0.0,0.0,0.0,0.0,0.0,18.0,7.0,0.0,0.0,0.0
124483,Lucas Monzón,BOT,Zagueiro,3.15,-1.04,1.37,4,1.18,2.0,3.0,4.0,1.0,0.0,2.0,1.0,0.0,0.0,0.0,0.0,0.0,1.0,0.0,0.0,0.0,0.0,0.0,0.0,0.0
103967,Bruno Santos,MIR,Atacante,6.57,1.53,4.45,8,2.46,0.0,3.0,10.0,3.0,7.0,7.0,0.0,2.0,6.0,0.0,0.0,0.0,0.0,0.0,0.0,0.0,0.0,2.0,0.0,0.0
101352,Bruno Matias,CHA,Meia,3.11,0.12,2.07,8,1.17,1.0,10.0,5.0,0.0,5.0,2.0,0.0,0.0,0.0,0.0,0.0,0.0,0.0,1.0,0.0,0.0,0.0,0.0,0.0,0.0
146833,Cléber Lucas,BOT,Goleiro,1.0,0.0,0.0,0,0.38,0.0,0.0,0.0,0.0,0.0,0.0,0.0,0.0,0.0,0.0,0.0,0.0,0.0,0.0,0.0,0.0,0.0,0.0,0.0,0.0
151405,Victor Hugo,BOT,Meia,1.0,0.0,0.0,0,0.38,0.0,0.0,0.0,0.0,0.0,0.0,0.0,0.0,0.0,0.0,0.0,0.0,0.0,0.0,0.0,0.0,0.0,0.0,0.0,0.0
151404,Lucas Emanuel,BOT,Atacante,1.45,0.0,1.4,1,0.54,0.0,0.0,1.0,1.0,0.0,1.0,0.0,0.0,0.0,0.0,0.0,0.0,0.0,0.0,0.0,0.0,0.0,0.0,0.0,0.0
151406,Herick,BOT,Zagueiro,1.0,0.0,0.0,0,0.38,0.0,0.0,0.0,0.0,0.0,0.0,0.0,0.0,0.0,0.0,0.0,0.0,0.0,0.0,0.0,0.0,0.0,0.0,0.0,0.0
91204,Warleson,BOT,Goleiro,6.12,0.0,5.67,3,2.29,1.0,0.0,0.0,0.0,0.0,4.0,1.0,0.0,0.0,0.0,0.0,0.0,0.0,0.0,0.0,10.0,2.0,0.0,0.0,0.0
122321,Lorran,FLA,Meia,8.0,0.0,5.93,3,3.0,0.0,5.0,6.0,3.0,0.0,1.0,0.0,1.0,0.0,0.0,0.0,0.0,0.0,0.0,0.0,0.0,0.0,0.0,0.0,0.0
118806,Buta,SAO,Lateral,5.94,0.0,4.0,1,2.23,0.0,2.0,0.0,0.0,0.0,2.0,0.0,0.0,0.0,0.0,0.0,0.0,0.0,0.0,0.0,0.0,0.0,0.0,0.0,0.0
91626,Paulinho,BOT,Lateral,3.83,-0.57,-0.15,2,1.44,0.0,0.0,1.0,0.0,0.0,0.0,0.0,0.0,0.0,0.0,0.0,0.0,0.0,0.0,0.0,0.0,0.0,0.0,0.0,0.0
97450,Gustavo Mosquito,MIR,Atacante,4.99,-0.88,3.12,6,1.87,0.0,2.0,1.0,3.0,2.0,6.0,0.0,1.0,2.0,0.0,0.0,0.0,0.0,0.0,0.0,0.0,0.0,0.0,0.0,0.0
151436,Miguel Bilong,PAL,Atacante,2.0,0.0,0.0,0,0.75,0.0,0.0,0.0,0.0,0.0,0.0,0.0,0.0,0.0,0.0,0.0,0.0,0.0,0.0,0.0,0.0,0.0,0.0,0.0,0.0
141339,Paulo Roberto,CFC,Atacante,5.18,0.0,4.65,6,1.94,1.0,5.0,2.0,0.0,0.0,2.0,0.0,2.0,0.0,1.0,0.0,0.0,0.0,0.0,0.0,0.0,0.0,0.0,0.0,0.0
146624,Heittor,PAL,Atacante,1.15,0.0,0.53,3,0.43,0.0,1.0,1.0,0.0,0.0,1.0,0.0,0.0,1.0,0.0,0.0,0.0,0.0,0.0,0.0,0.0,0.0,0.0,0.0,0.0
150841,Fabricio Prado,INT,Atacante,1.0,0.0,0.0,0,0.38,0.0,0.0,0.0,0.0,0.0,0.0,0.0,0.0,0.0,0.0,0.0,0.0,0.0,0.0,0.0,0.0,0.0,0.0,0.0,0.0
146964,Filipe Sirio,INT,Goleiro,1.0,0.0,0.0,0,0.38,0.0,0.0,0.0,0.0,0.0,0.0,0.0,0.0,0.0,0.0,0.0,0.0,0.0,0.0,0.0,0.0,0.0,0.0,0.0,0.0
150842,Gabriel Vinicius,INT,Meia,1.0,0.0,0.0,0,0.38,0.0,0.0,0.0,0.0,0.0,0.0,0.0,0.0,0.0,0.0,0.0,0.0,0.0,0.0,0.0,0.0,0.0,0.0,0.0,0.0
131762,Isac,SAO,Zagueiro,1.0,0.0,0.0,0,0.38,0.0,0.0,0.0,0.0,0.0,0.0,0.0,0.0,0.0,0.0,0.0,0.0,0.0,0.0,0.0,0.0,0.0,0.0,0.0,0.0
122670,Diego Caito,GRE,Lateral,6.68,0.84,4.55,6,2.5,2.0,7.0,9.0,4.0,4.0,11.0,0.0,1.0,0.0,0.0,0.0,0.0,0.0,0.0,0.0,0.0,0.0,0.0,0.0,0.0
147468,Wellington,CHA,Goleiro,1.0,0.0,0.0,0,0.38,0.0,0.0,0.0,0.0,0.0,0.0,0.0,0.0,0.0,0.0,0.0,0.0,0.0,0.0,0.0,0.0,0.0,0.0,0.0,0.0
109097,Jovane Cabral,GRE,Atacante,7.62,0.01,3.6,4,2.86,0.0,4.0,2.0,1.0,1.0,4.0,0.0,0.0,0.0,1.0,0.0,0.0,0.0,0.0,0.0,0.0,0.0,0.0,0.0,0.0
144424,Vitor Lamounier,CRU,Goleiro,2.0,0.0,0.0,0,0.75,0.0,0.0,0.0,0.0,0.0,0.0,0.0,0.0,0.0,0.0,0.0,0.0,0.0,0.0,0.0,0.0,0.0,0.0,0.0,0.0
106950,Fernando,CHA,Lateral,3.94,-0.41,2.3,7,1.48,1.0,7.0,8.0,0.0,0.0,8.0,1.0,0.0,0.0,0.0,0.0,0.0,0.0,0.0,0.0,0.0,0.0,0.0,0.0,0.0
151440,Gutte,CAM,Meia,1.0,0.0,0.0,0,0.38,0.0,0.0,0.0,0.0,0.0,0.0,0.0,0.0,0.0,0.0,0.0,0.0,0.0,0.0,0.0,0.0,0.0,0.0,0.0,0.0
95541,Gustavo Cazonatti,MIR,Meia,3.42,0.0,2.33,6,1.28,1.0,8.0,4.0,1.0,0.0,6.0,0.0,0.0,0.0,0.0,0.0,0.0,0.0,0.0,0.0,0.0,0.0,0.0,0.0,0.0
114801,Danilo Pereira,BOT,Atacante,5.61,-0.17,3.47,6,2.1,0.0,3.0,4.0,6.0,5.0,3.0,0.0,0.0,2.0,1.0,0.0,0.0,0.0,0.0,0.0,0.0,0.0,0.0,0.0,0.0
151412,Kássio,CHA,Atacante,1.49,0.0,1.5,1,0.56,0.0,1.0,0.0,0.0,0.0,0.0,0.0,0.0,0.0,0.0,0.0,0.0,0.0,0.0,0.0,0.0,0.0,0.0,0.0,0.0
93637,Bruno Tubarão,CHA,Lateral,3.17,0.0,1.1,1,1.19,1.0,1.0,2.0,1.0,0.0,0.0,0.0,0.0,0.0,0.0,0.0,0.0,0.0,0.0,0.0,0.0,0.0,0.0,0.0,0.0
100596,Krovinovic,GRE,Meia,4.71,0.04,2.14,5,1.77,0.0,4.0,6.0,1.0,6.0,1.0,0.0,0.0,0.0,0.0,0.0,0.0,0.0,0.0,0.0,0.0,0.0,0.0,0.0,0.0
117314,Thiago Borbas,CAM,Atacante,5.75,0.0,4.3,3,2.16,0.0,1.0,4.0,0.0,2.0,6.0,0.0,1.0,0.0,0.0,0.0,0.0,0.0,0.0,0.0,0.0,0.0,0.0,0.0,0.0
109461,Calebe,INT,Meia,4.65,0.0,0.83,3,1.74,0.0,0.0,1.0,0.0,1.0,4.0,0.0,0.0,0.0,0.0,0.0,0.0,0.0,0.0,0.0,0.0,0.0,0.0,0.0,0.0
106313,Domingos Duarte,SAO,Zagueiro,8.38,0.0,6.12,4,3.14,0.0,11.0,4.0,2.0,1.0,2.0,1.0,0.0,0.0,0.0,0.0,0.0,0.0,0.0,0.0,0.0,0.0,0.0,0.0,0.0
144976,Domingos Andrade,BOT,Meia,5.04,0.0,1.5,1,1.89,0.0,1.0,0.0,0.0,0.0,0.0,0.0,0.0,0.0,0.0,0.0,0.0,0.0,0.0,0.0,0.0,0.0,0.0,0.0,0.0
141160,Zé Lucas,CRU,Meia,5.12,-0.11,2.35,6,1.92,0.0,7.0,4.0,0.0,1.0,8.0,0.0,0.0,0.0,0.0,0.0,0.0,0.0,0.0,0.0,0.0,0.0,0.0,0.0,0.0
151292,Felipe Morais,CRU,Meia,4.28,0.0,4.7,3,1.6,1.0,3.0,6.0,0.0,3.0,4.0,0.0,1.0,0.0,0.0,0.0,0.0,0.0,0.0,0.0,0.0,0.0,0.0,0.0,0.0
141344,Vitor Tissi,CFC,Meia,1.26,0.0,0.9,6,0.47,1.0,3.0,2.0,0.0,0.0,5.0,0.0,0.0,0.0,0.0,0.0,0.0,0.0,0.0,0.0,0.0,0.0,0.0,0.0,0.0
127871,Vargas,CAP,Atacante,7.22,0.0,3.86,5,2.71,0.0,2.0,1.0,0.0,2.0,4.0,0.0,1.0,0.0,1.0,0.0,0.0,0.0,0.0,0.0,0.0,0.0,0.0,0.0,0.0
147878,Alejandro,VIT,Meia,2.0,0.0,0.0,0,0.75,0.0,0.0,0.0,0.0,0.0,0.0,0.0,0.0,0.0,0.0,0.0,0.0,0.0,0.0,0.0,0.0,0.0,0.0,0.0,0.0
117909,Wesley,CRU,Atacante,7.08,-0.62,2.44,5,2.66,2.0,1.0,2.0,1.0,2.0,5.0,0.0,1.0,0.0,0.0,0.0,0.0,0.0,0.0,0.0,0.0,0.0,0.0,0.0,0.0
123795,Lucho Rodríguez,CRU,Atacante,7.48,0.32,3.27,4,2.81,1.0,0.0,2.0,1.0,0.0,1.0,0.0,0.0,0.0,2.0,0.0,0.0,0.0,0.0,0.0,0.0,0.0,1.0,0.0,0.0
142764,Franco Rossi,CHA,Atacante,3.91,0.0,2.4,4,1.47,0.0,1.0,3.0,3.0,3.0,6.0,0.0,0.0,0.0,0.0,0.0,0.0,0.0,0.0,0.0,0.0,0.0,0.0,0.0,0.0
147201,João Kempes,INT,Meia,2.0,0.0,0.0,0,0.75,0.0,0.0,0.0,0.0,0.0,0.0,0.0,0.0,0.0,0.0,0.0,0.0,0.0,0.0,0.0,0.0,0.0,0.0,0.0,0.0
77510,Fred,CAM,Meia,7.97,0.36,2.63,3,2.99,1.0,2.0,5.0,0.0,3.0,10.0,0.0,0.0,0.0,0.0,0.0,0.0,0.0,0.0,0.0,0.0,0.0,0.0,0.0,0.0
130121,João Costa,CRU,Atacante,3.85,0.57,1.48,6,1.44,0.0,3.0,8.0,4.0,2.0,1.0,0.0,0.0,1.0,0.0,0.0,0.0,0.0,0.0,0.0,0.0,0.0,0.0,0.0,0.0
107093,Luciano Juba,BAH,Lateral,11.65,-0.21,7.19,23,4.37,3.0,27.0,16.0,7.0,7.0,15.0,7.0,9.0,0.0,1.0,0.0,0.0,0.0,0.0,0.0,0.0,0.0,1.0,1.0,0.0
114323,Colidio,VAS,Atacante,10.59,1.83,7.24,5,3.97,1.0,3.0,5.0,5.0,6.0,15.0,0.0,2.0,1.0,0.0,0.0,0.0,0.0,0.0,0.0,0.0,0.0,0.0,0.0,0.0
87747,Yago Felipe,CHA,Meia,8.16,-0.82,5.7,5,3.06,2.0,14.0,12.0,4.0,1.0,5.0,0.0,0.0,0.0,1.0,0.0,0.0,0.0,0.0,0.0,0.0,0.0,0.0,0.0,0.0
151492,Marquinhos,RBB,Lateral,1.0,0.0,0.0,0,0.38,0.0,0.0,0.0,0.0,0.0,0.0,0.0,0.0,0.0,0.0,0.0,0.0,0.0,0.0,0.0,0.0,0.0,0.0,0.0,0.0
130444,Rodrigo,CHA,Atacante,1.0,0.0,0.0,0,0.38,0.0,0.0,0.0,0.0,0.0,0.0,0.0,0.0,0.0,0.0,0.0,0.0,0.0,0.0,0.0,0.0,0.0,0.0,0.0,0.0
104649,Heitor,CHA,Lateral,8.3,0.0,7.05,4,3.11,0.0,12.0,3.0,0.0,2.0,1.0,1.0,0.0,0.0,1.0,0.0,0.0,0.0,1.0,0.0,0.0,0.0,0.0,0.0,0.0
73476,Marcão,FLU,Técnico,12.13,-0.82,7.46,5,4.55,0.0,0.0,0.0,0.0,0.0,0.0,0.0,0.0,0.0,0.0,0.0,3.0,0.0,0.0,0.0,0.0,0.0,0.0,0.0,0.0
102255,Santiago Sosa,VAS,Meia,7.49,-1.32,4.12,5,2.81,0.0,14.0,13.0,1.0,3.0,0.0,0.0,0.0,1.0,0.0,0.0,0.0,0.0,0.0,0.0,0.0,0.0,0.0,0.0,0.0
101237,Eliasson,INT,Atacante,3.01,-0.47,0.13,4,1.13,0.0,0.0,0.0,0.0,0.0,1.0,0.0,0.0,0.0,0.0,0.0,0.0,0.0,0.0,0.0,0.0,0.0,0.0,0.0,0.0
85035,Sanabria,INT,Atacante,3.88,-0.61,-0.23,3,1.46,0.0,0.0,2.0,0.0,0.0,0.0,0.0,0.0,1.0,0.0,0.0,0.0,0.0,0.0,0.0,0.0,0.0,0.0,0.0,0.0
86864,Marlon,REM,Lateral,5.72,-0.52,3.86,5,2.15,1.0,12.0,4.0,1.0,1.0,3.0,0.0,0.0,0.0,0.0,0.0,0.0,0.0,0.0,0.0,0.0,0.0,0.0,0.0,0.0
124961,Castaño,CAM,Meia,5.07,-0.17,1.25,4,1.9,1.0,4.0,4.0,1.0,0.0,0.0,0.0,0.0,0.0,0.0,0.0,0.0,0.0,0.0,0.0,0.0,0.0,0.0,0.0,0.0
107300,Alex Bruno,VIT,Atacante,4.03,0.0,1.3,1,1.51,0.0,0.0,0.0,0.0,1.0,1.0,0.0,0.0,0.0,0.0,0.0,0.0,0.0,0.0,0.0,0.0,0.0,0.0,0.0,0.0
151600,Miguel Carvalho,CHA,Meia,4.52,-0.4,2.4,3,1.69,0.0,3.0,2.0,1.0,2.0,1.0,0.0,0.0,0.0,0.0,0.0,0.0,0.0,0.0,0.0,0.0,0.0,0.0,0.0,0.0
106843,Borrero,CHA,Meia,3.99,-0.05,1.5,3,1.5,0.0,3.0,0.0,0.0,0.0,0.0,0.0,0.0,0.0,0.0,0.0,0.0,0.0,0.0,0.0,0.0,0.0,0.0,0.0,0.0
146814,Josmar,FLA,Atacante,2.0,0.0,0.0,0,0.75,0.0,0.0,0.0,0.0,0.0,0.0,0.0,0.0,0.0,0.0,0.0,0.0,0.0,0.0,0.0,0.0,0.0,0.0,0.0,0.0
151289,Kelvin,CRU,Zagueiro,1.0,0.0,0.0,0,0.38,0.0,0.0,0.0,0.0,0.0,0.0,0.0,0.0,0.0,0.0,0.0,0.0,0.0,0.0,0.0,0.0,0.0,0.0,0.0,0.0
145781,Bruno André,VAS,Zagueiro,1.0,0.0,0.0,0,0.38,0.0,0.0,0.0,0.0,0.0,0.0,0.0,0.0,0.0,0.0,0.0,0.0,0.0,0.0,0.0,0.0,0.0,0.0,0.0,0.0
151632,Lemos,CAM,Zagueiro,1.0,0.0,0.0,0,0.38,0.0,0.0,0.0,0.0,0.0,0.0,0.0,0.0,0.0,0.0,0.0,0.0,0.0,0.0,0.0,0.0,0.0,0.0,0.0,0.0
140908,Bruno Bertinato,PAL,Goleiro,3.0,0.0,0.0,0,1.12,0.0,0.0,0.0,0.0,0.0,0.0,0.0,0.0,0.0,0.0,0.0,0.0,0.0,0.0,0.0,0.0,0.0,0.0,0.0,0.0
73992,Rodinei,SAN,Lateral,6.71,-0.29,1.3,1,2.52,0.0,1.0,4.0,0.0,0.0,2.0,0.0,0.0,0.0,0.0,0.0,0.0,0.0,0.0,0.0,0.0,0.0,0.0,0.0,0.0
151742,André Lucas,PAL,Lateral,1.0,0.0,0.0,0,0.38,0.0,0.0,0.0,0.0,0.0,0.0,0.0,0.0,0.0,0.0,0.0,0.0,0.0,0.0,0.0,0.0,0.0,0.0,0.0,0.0
130252,Euder,VAS,Meia,1.0,0.0,0.0,0,0.38,0.0,0.0,0.0,0.0,0.0,0.0,0.0,0.0,0.0,0.0,0.0,0.0,0.0,0.0,0.0,0.0,0.0,0.0,0.0,0.0
138941,Bruno Duarte,VAS,Atacante,7.39,0.91,4.6,2,2.77,0.0,3.0,1.0,0.0,0.0,0.0,0.0,0.0,0.0,1.0,0.0,0.0,0.0,0.0,0.0,0.0,0.0,0.0,0.0,0.0
140167,Luizinho,COR,Atacante,1.0,0.0,0.0,0,0.38,0.0,0.0,0.0,0.0,0.0,0.0,0.0,0.0,0.0,0.0,0.0,0.0,0.0,0.0,0.0,0.0,0.0,0.0,0.0,0.0
150251,Joaquín Freitas,FLA,Atacante,4.91,1.08,3.1,2,1.84,0.0,0.0,1.0,0.0,0.0,3.0,0.0,0.0,0.0,1.0,0.0,0.0,0.0,0.0,0.0,0.0,0.0,0.0,0.0,0.0
108602,Valencia,FLA,Atacante,5.91,0.0,1.5,1,2.22,0.0,1.0,0.0,0.0,0.0,0.0,0.0,0.0,0.0,0.0,0.0,0.0,0.0,0.0,0.0,0.0,0.0,0.0,0.0,0.0
141954,Khensane,CFC,Meia,1.0,0.0,0.0,0,0.38,0.0,0.0,0.0,0.0,0.0,0.0,0.0,0.0,0.0,0.0,0.0,0.0,0.0,0.0,0.0,0.0,0.0,0.0,0.0,0.0
141335,Lucas Crepaldi,CFC,Atacante,1.0,0.0,0.0,0,0.38,0.0,0.0,0.0,0.0,0.0,0.0,0.0,0.0,0.0,0.0,0.0,0.0,0.0,0.0,0.0,0.0,0.0,0.0,0.0,0.0
111412,Arthur Chaves,BOT,Zagueiro,6.0,0.0,0.0,0,2.25,0.0,0.0,0.0,0.0,0.0,0.0,0.0,0.0,0.0,0.0,0.0,0.0,0.0,0.0,0.0,0.0,0.0,0.0,0.0,0.0
151825,Gabriel Ibson,CFC,Zagueiro,1.0,0.0,0.0,0,0.38,0.0,0.0,0.0,0.0,0.0,0.0,0.0,0.0,0.0,0.0,0.0,0.0,0.0,0.0,0.0,0.0,0.0,0.0,0.0,0.0
122390,Rodrigo Gelado,CFC,Lateral,2.0,0.0,0.0,0,0.75,0.0,0.0,0.0,0.0,0.0,0.0,0.0,0.0,0.0,0.0,0.0,0.0,0.0,0.0,0.0,0.0,0.0,0.0,0.0,0.0
123433,Rosivan,CHA,Meia,2.0,0.0,0.0,0,0.75,0.0,0.0,0.0,0.0,0.0,0.0,0.0,0.0,0.0,0.0,0.0,0.0,0.0,0.0,0.0,0.0,0.0,0.0,0.0,0.0
149807,Wanderson,VIT,Lateral,1.0,0.0,0.0,0,0.38,0.0,0.0,0.0,0.0,0.0,0.0,0.0,0.0,0.0,0.0,0.0,0.0,0.0,0.0,0.0,0.0,0.0,0.0,0.0,0.0
99520,Ziyech,BOT,Meia,10.0,0.0,0.0,0,3.75,0.0,0.0,0.0,0.0,0.0,0.0,0.0,0.0,0.0,0.0,0.0,0.0,0.0,0.0,0.0,0.0,0.0,0.0,0.0,0.0
124552,Lescano,VAS,Meia,7.36,0.36,3.0,1,2.76,0.0,2.0,0.0,0.0,0.0,0.0,0.0,0.0,0.0,0.0,0.0,0.0,0.0,0.0,0.0,0.0,0.0,0.0,0.0,0.0
148439,Darlan Dutra,VIT,Zagueiro,1.0,0.0,0.0,0,0.38,0.0,0.0,0.0,0.0,0.0,0.0,0.0,0.0,0.0,0.0,0.0,0.0,0.0,0.0,0.0,0.0,0.0,0.0,0.0,0.0
98974,Viña,CRU,Lateral,5.0,0.0,0.0,0,1.88,0.0,0.0,0.0,0.0,0.0,0.0,0.0,0.0,0.0,0.0,0.0,0.0,0.0,0.0,0.0,0.0,0.0,0.0,0.0,0.0
127628,Lautaro López,BAH,Meia,4.0,0.0,0.0,0,1.5,0.0,0.0,0.0,0.0,0.0,0.0,0.0,0.0,0.0,0.0,0.0,0.0,0.0,0.0,0.0,0.0,0.0,0.0,0.0,0.0
130525,Pedro Lima,SAO,Lateral,4.0,0.0,0.0,0,1.5,0.0,0.0,0.0,0.0,0.0,0.0,0.0,0.0,0.0,0.0,0.0,0.0,0.0,0.0,0.0,0.0,0.0,0.0,0.0,0.0
131454,Athos,GRE,Zagueiro,1.0,0.0,0.0,0,0.38,0.0,0.0,0.0,0.0,0.0,0.0,0.0,0.0,0.0,0.0,0.0,0.0,0.0,0.0,0.0,0.0,0.0,0.0,0.0,0.0
80076,Zé Roberto,MIR,Atacante,4.0,0.0,0.0,0,1.5,0.0,0.0,0.0,0.0,0.0,0.0,0.0,0.0,0.0,0.0,0.0,0.0,0.0,0.0,0.0,0.0,0.0,0.0,0.0,0.0
104387,Gabriel Pereira,VAS,Zagueiro,5.0,0.0,0.0,0,1.88,0.0,0.0,0.0,0.0,0.0,0.0,0.0,0.0,0.0,0.0,0.0,0.0,0.0,0.0,0.0,0.0,0.0,0.0,0.0,0.0
146985,Yago Melo,COR,Zagueiro,1.0,0.0,0.0,0,0.38,0.0,0.0,0.0,0.0,0.0,0.0,0.0,0.0,0.0,0.0,0.0,0.0,0.0,0.0,0.0,0.0,0.0,0.0,0.0,0.0
151347,Ruan Sales,FLU,Meia,2.0,0.0,0.0,0,0.75,0.0,0.0,0.0,0.0,0.0,0.0,0.0,0.0,0.0,0.0,0.0,0.0,0.0,0.0,0.0,0.0,0.0,0.0,0.0,0.0
101254,Alef Manga,REM,Atacante,7.33,-0.03,4.09,27,2.75,1.0,20.0,19.0,10.0,20.0,21.0,0.0,5.0,22.0,3.0,0.0,0.0,0.0,0.0,0.0,0.0,0.0,0.0,1.0,0.0
68685,Alan Patrick,INT,Meia,7.27,0.45,3.87,22,2.73,1.0,16.0,9.0,2.0,12.0,32.0,0.0,4.0,1.0,1.0,0.0,0.0,0.0,0.0,0.0,0.0,0.0,0.0,0.0,0.0
97133,Dudu,CHA,Lateral,4.0,0.0,0.0,0,1.5,0.0,0.0,0.0,0.0,0.0,0.0,0.0,0.0,0.0,0.0,0.0,0.0,0.0,0.0,0.0,0.0,0.0,0.0,0.0,0.0
97810,Erick,VIT,Atacante,8.18,0.63,4.12,22,3.07,2.0,4.0,10.0,7.0,10.0,41.0,0.0,3.0,2.0,5.0,1.0,0.0,0.0,0.0,0.0,0.0,0.0,1.0,0.0,0.0
106147,Thiago Carpini,REM,Técnico,7.84,0.0,0.0,0,2.94,0.0,0.0,0.0,0.0,0.0,0.0,0.0,0.0,0.0,0.0,0.0,0.0,0.0,0.0,0.0,0.0,0.0,0.0,0.0,0.0
96678,Bustos,CFC,Lateral,5.0,0.0,0.0,0,1.88,0.0,0.0,0.0,0.0,0.0,0.0,0.0,0.0,0.0,0.0,0.0,0.0,0.0,0.0,0.0,0.0,0.0,0.0,0.0,0.0
109573,Martinelli,FLU,Meia,5.89,0.0,2.43,18,2.21,4.0,17.0,27.0,6.0,9.0,12.0,0.0,0.0,0.0,2.0,0.0,0.0,0.0,0.0,0.0,0.0,0.0,0.0,0.0,0.0
104758,Enzo Díaz,SAO,Lateral,9.04,0.0,3.9,13,3.39,7.0,28.0,23.0,2.0,3.0,16.0,1.0,0.0,2.0,1.0,0.0,0.0,0.0,0.0,0.0,0.0,0.0,0.0,0.0,0.0
103056,Gabriel Brazão,SAN,Goleiro,5.21,-0.31,2.81,22,1.95,5.0,0.0,0.0,1.0,0.0,4.0,5.0,0.0,0.0,0.0,0.0,0.0,0.0,1.0,0.0,56.0,33.0,0.0,0.0,0.0
68928,Rafael,SAO,Goleiro,7.48,0.0,3.23,25,2.81,1.0,0.0,0.0,0.0,0.0,3.0,5.0,0.0,0.0,0.0,0.0,0.0,0.0,0.0,0.0,64.0,28.0,0.0,0.0,0.0
69012,Santos,CAP,Goleiro,7.97,0.0,4.21,22,2.99,2.0,0.0,0.0,0.0,0.0,4.0,7.0,0.0,0.0,0.0,0.0,0.0,0.0,0.0,0.0,62.0,23.0,0.0,0.0,0.0
105531,Matheus Bidu,COR,Lateral,11.72,-1.58,7.31,20,4.4,4.0,40.0,24.0,1.0,9.0,53.0,7.0,3.0,7.0,1.0,0.0,0.0,0.0,1.0,0.0,0.0,0.0,0.0,0.0,0.0
109114,Matheus Nascimento,GRE,Atacante,4.01,0.01,1.2,1,1.5,0.0,0.0,0.0,1.0,0.0,0.0,0.0,0.0,0.0,0.0,0.0,0.0,0.0,0.0,0.0,0.0,0.0,0.0,0.0,0.0
87008,Léo Jardim,VAS,Goleiro,6.38,0.29,2.75,25,2.39,1.0,1.0,1.0,0.0,0.0,3.0,2.0,0.0,0.0,0.0,0.0,0.0,0.0,0.0,0.0,75.0,40.0,0.0,0.0,0.0
92171,Arthur Cabral,BOT,Atacante,9.11,0.0,5.74,19,3.42,3.0,13.0,31.0,13.0,20.0,25.0,0.0,7.0,3.0,1.0,0.0,0.0,0.0,0.0,1.0,0.0,0.0,0.0,0.0,0.0
86777,Danilo Barbosa,GRE,Meia,4.61,0.0,0.73,3,1.73,0.0,1.0,1.0,0.0,0.0,2.0,0.0,0.0,0.0,0.0,0.0,0.0,0.0,0.0,0.0,0.0,0.0,0.0,0.0,0.0
100898,Vitinho,BOT,Lateral,10.0,0.57,4.94,21,3.75,3.0,45.0,23.0,0.0,3.0,16.0,3.0,1.0,1.0,2.0,0.0,0.0,0.0,0.0,0.0,0.0,0.0,1.0,0.0,0.0
96591,Renan Lodi,CAM,Lateral,9.75,0.0,5.18,22,3.66,4.0,26.0,37.0,6.0,16.0,49.0,6.0,0.0,6.0,3.0,1.0,0.0,0.0,0.0,1.0,0.0,0.0,1.0,0.0,0.0
132553,Jemmes,FLU,Zagueiro,6.22,0.13,3.26,18,2.33,3.0,26.0,13.0,0.0,3.0,9.0,3.0,0.0,1.0,1.0,0.0,0.0,0.0,0.0,0.0,0.0,0.0,0.0,0.0,0.0
42234,Cássio,CRU,Goleiro,6.89,0.0,1.32,5,2.58,0.0,0.0,0.0,0.0,0.0,2.0,0.0,0.0,0.0,0.0,0.0,0.0,0.0,0.0,0.0,12.0,10.0,0.0,0.0,0.0
101727,Matheuzinho,COR,Lateral,10.44,0.06,6.12,21,3.92,3.0,49.0,22.0,4.0,7.0,16.0,7.0,1.0,4.0,2.0,0.0,0.0,1.0,0.0,1.0,0.0,0.0,0.0,0.0,0.0
63007,Neymar,SAN,Meia,18.9,0.0,9.78,12,7.09,7.0,10.0,18.0,13.0,18.0,49.0,0.0,6.0,8.0,2.0,0.0,0.0,0.0,0.0,0.0,0.0,0.0,1.0,0.0,0.0
106593,Villalba,CRU,Zagueiro,6.47,0.0,2.87,14,2.43,2.0,12.0,15.0,1.0,2.0,4.0,3.0,0.0,1.0,2.0,0.0,0.0,0.0,1.0,0.0,0.0,0.0,0.0,0.0,0.0
37656,Fábio,FLU,Goleiro,9.21,-0.55,4.51,26,3.45,1.0,0.0,0.0,0.0,0.0,7.0,5.0,0.0,0.0,0.0,0.0,0.0,0.0,2.0,0.0,97.0,34.0,0.0,0.0,0.0
91101,Ronaldo,BAH,Goleiro,7.51,-1.11,4.99,17,2.82,2.0,1.0,0.0,0.0,0.0,1.0,6.0,0.0,0.0,0.0,0.0,0.0,0.0,0.0,0.0,53.0,14.0,0.0,0.0,0.0
90768,Fabrício Bruno,CRU,Zagueiro,5.25,-0.53,1.89,23,1.97,8.0,19.0,14.0,4.0,4.0,6.0,4.0,0.0,0.0,0.0,0.0,0.0,1.0,1.0,0.0,0.0,0.0,0.0,0.0,0.0
61987,Alex Sandro,FLA,Lateral,7.89,-0.31,3.31,16,2.96,3.0,16.0,20.0,0.0,1.0,14.0,6.0,0.0,0.0,0.0,0.0,0.0,0.0,0.0,0.0,0.0,0.0,0.0,0.0,0.0
80196,Yago Pikachu,REM,Meia,4.72,-0.04,2.29,26,1.77,2.0,13.0,11.0,6.0,6.0,21.0,0.0,3.0,1.0,1.0,1.0,0.0,0.0,0.0,1.0,0.0,0.0,0.0,1.0,0.0
105436,Carrascal,FLA,Meia,10.11,-0.41,6.05,19,3.79,2.0,24.0,11.0,6.0,12.0,21.0,0.0,4.0,0.0,5.0,0.0,0.0,0.0,0.0,2.0,0.0,0.0,2.0,0.0,0.0
85425,João Paulo,SAN,Goleiro,6.94,0.0,-0.35,2,2.6,2.0,0.0,0.0,0.0,0.0,1.0,0.0,0.0,0.0,0.0,0.0,0.0,0.0,0.0,0.0,6.0,7.0,0.0,0.0,0.0
105949,Rochet,INT,Goleiro,6.28,0.0,3.33,11,2.35,1.0,3.0,0.0,0.0,0.0,1.0,3.0,0.0,0.0,0.0,0.0,0.0,0.0,0.0,0.0,22.0,11.0,0.0,0.0,0.0
109401,Erick Pulga,BAH,Atacante,8.49,0.87,4.67,25,3.18,5.0,26.0,25.0,14.0,10.0,49.0,0.0,3.0,12.0,2.0,3.0,0.0,0.0,1.0,0.0,0.0,0.0,2.0,0.0,0.0
113397,Cristian Olivera,BAH,Atacante,8.1,1.03,4.1,20,3.04,3.0,17.0,14.0,15.0,8.0,38.0,0.0,1.0,7.0,2.0,0.0,0.0,0.0,0.0,0.0,0.0,0.0,1.0,0.0,0.0
68899,Philippe Coutinho,SAN,Meia,13.21,0.0,8.23,3,4.95,0.0,1.0,0.0,6.0,5.0,2.0,0.0,1.0,0.0,0.0,0.0,0.0,0.0,0.0,0.0,0.0,0.0,1.0,0.0,0.0
97868,Iago,SAO,Lateral,6.04,-1.22,4.43,9,2.27,0.0,10.0,8.0,2.0,1.0,6.0,2.0,1.0,0.0,0.0,0.0,0.0,0.0,0.0,0.0,0.0,0.0,1.0,0.0,0.0
91772,David Duarte,BAH,Zagueiro,5.84,-0.03,3.9,19,2.19,4.0,21.0,14.0,4.0,4.0,8.0,3.0,3.0,2.0,0.0,0.0,0.0,1.0,0.0,0.0,0.0,0.0,1.0,0.0,0.0
98022,Erick,BAH,Meia,7.71,0.0,4.59,19,2.89,6.0,30.0,23.0,2.0,7.0,19.0,0.0,4.0,1.0,0.0,0.0,0.0,0.0,0.0,0.0,0.0,0.0,2.0,0.0,0.0
98484,Kanu,BAH,Zagueiro,3.22,-0.46,0.75,4,1.21,2.0,0.0,5.0,1.0,0.0,1.0,1.0,0.0,2.0,0.0,0.0,0.0,0.0,0.0,0.0,0.0,0.0,0.0,0.0,0.0
68996,Willian José,BAH,Atacante,7.0,0.0,2.33,21,2.62,0.0,3.0,12.0,5.0,7.0,5.0,0.0,3.0,0.0,2.0,1.0,0.0,0.0,0.0,0.0,0.0,0.0,1.0,1.0,0.0
101314,Ademir,BAH,Atacante,5.3,-0.27,2.29,24,1.99,3.0,15.0,18.0,6.0,7.0,27.0,0.0,1.0,5.0,1.0,2.0,0.0,0.0,0.0,0.0,0.0,0.0,0.0,0.0,0.0
98517,Jean Lucas,BAH,Meia,10.32,1.1,5.62,22,3.87,3.0,41.0,34.0,3.0,11.0,20.0,0.0,4.0,1.0,3.0,0.0,0.0,0.0,0.0,0.0,0.0,0.0,2.0,0.0,0.0
99274,Alexander Barboza,PAL,Zagueiro,10.33,0.0,5.21,16,3.87,5.0,35.0,29.0,5.0,7.0,2.0,4.0,1.0,0.0,2.0,0.0,0.0,0.0,0.0,2.0,0.0,0.0,0.0,0.0,0.0
106822,Rodrigo Nestor,BAH,Meia,5.8,-1.11,3.91,19,2.17,4.0,21.0,22.0,8.0,22.0,12.0,0.0,0.0,1.0,4.0,0.0,0.0,0.0,0.0,0.0,0.0,0.0,0.0,0.0,0.0
104783,Acevedo,BAH,Meia,7.51,0.28,5.13,24,2.82,7.0,66.0,52.0,6.0,6.0,31.0,0.0,1.0,0.0,1.0,0.0,0.0,0.0,0.0,0.0,0.0,0.0,2.0,0.0,0.0
123717,Zé Guilherme,BAH,Lateral,4.29,0.0,2.88,5,1.61,2.0,6.0,4.0,0.0,2.0,4.0,1.0,0.0,0.0,0.0,0.0,0.0,0.0,0.0,0.0,0.0,0.0,0.0,0.0,0.0
80313,Gilberto,CAP,Lateral,7.36,0.0,4.74,13,2.76,0.0,21.0,5.0,4.0,3.0,3.0,3.0,0.0,1.0,1.0,0.0,0.0,0.0,0.0,0.0,0.0,0.0,1.0,0.0,0.0
97341,Rogério Ceni,BAH,Técnico,10.59,-0.1,5.78,26,3.97,0.0,0.0,0.0,0.0,0.0,0.0,0.0,0.0,0.0,0.0,0.0,11.0,0.0,0.0,0.0,0.0,0.0,0.0,0.0,0.0
97468,Marçal,BOT,Lateral,7.03,0.0,3.33,7,2.64,3.0,8.0,13.0,3.0,2.0,2.0,3.0,0.0,0.0,0.0,0.0,0.0,0.0,0.0,1.0,0.0,0.0,0.0,0.0,0.0
72493,Alex Telles,BOT,Lateral,9.66,1.25,4.25,20,3.62,4.0,20.0,23.0,0.0,11.0,8.0,2.0,3.0,0.0,4.0,0.0,0.0,0.0,1.0,0.0,0.0,0.0,0.0,0.0,0.0
107173,Michel Araújo,BAH,Meia,2.37,0.0,0.98,18,0.89,1.0,8.0,15.0,2.0,5.0,6.0,0.0,0.0,3.0,1.0,0.0,0.0,0.0,0.0,1.0,0.0,0.0,0.0,0.0,0.0
136955,Sanabria,BAH,Atacante,5.44,0.0,2.69,14,2.04,2.0,5.0,10.0,2.0,8.0,11.0,0.0,2.0,2.0,1.0,0.0,0.0,0.0,0.0,0.0,0.0,0.0,0.0,0.0,0.0
111829,Kayky,INT,Atacante,3.63,0.0,1.27,6,1.36,0.0,2.0,0.0,3.0,0.0,2.0,0.0,0.0,0.0,0.0,0.0,0.0,0.0,0.0,0.0,0.0,0.0,0.0,0.0,0.0
106323,Caio Alexandre,BAH,Meia,3.85,0.39,1.06,16,1.44,1.0,10.0,14.0,0.0,1.0,13.0,0.0,0.0,0.0,0.0,0.0,0.0,0.0,0.0,0.0,0.0,0.0,0.0,0.0,0.0
107231,Danilo,BOT,Meia,13.57,-0.41,7.35,18,5.09,1.0,31.0,11.0,6.0,11.0,10.0,0.0,7.0,0.0,2.0,0.0,0.0,0.0,0.0,0.0,0.0,0.0,1.0,0.0,0.0
129663,Ruan Pablo,BAH,Atacante,1.44,0.0,0.17,3,0.54,0.0,0.0,1.0,0.0,1.0,0.0,0.0,0.0,0.0,0.0,0.0,0.0,0.0,0.0,0.0,0.0,0.0,0.0,0.0,0.0
98672,Savarino,FLU,Meia,8.98,0.68,4.46,19,3.37,2.0,8.0,6.0,10.0,15.0,14.0,0.0,3.0,6.0,2.0,0.0,0.0,0.0,0.0,0.0,0.0,0.0,4.0,0.0,0.0
123360,Cauly,SAO,Meia,6.41,0.22,2.95,15,2.4,0.0,16.0,14.0,4.0,6.0,14.0,0.0,1.0,0.0,0.0,0.0,0.0,0.0,0.0,0.0,0.0,0.0,0.0,0.0,0.0
145379,Kauê Furquim,BAH,Atacante,2.24,0.0,1.28,5,0.84,0.0,2.0,2.0,0.0,0.0,8.0,0.0,0.0,0.0,0.0,0.0,0.0,0.0,0.0,0.0,0.0,0.0,0.0,0.0,0.0
141419,Fredi Lippert,BAH,Zagueiro,2.0,0.0,0.0,0,0.75,0.0,0.0,0.0,0.0,0.0,0.0,0.0,0.0,0.0,0.0,0.0,0.0,0.0,0.0,0.0,0.0,0.0,0.0,0.0,0.0
122994,Victor Nascimento,BAH,Goleiro,1.0,0.0,0.0,0,0.38,0.0,0.0,0.0,0.0,0.0,0.0,0.0,0.0,0.0,0.0,0.0,0.0,0.0,0.0,0.0,0.0,0.0,0.0,0.0,0.0
95799,Artur,SAO,Atacante,8.6,-1.14,5.12,21,3.22,1.0,18.0,9.0,15.0,17.0,26.0,0.0,3.0,1.0,3.0,1.0,0.0,0.0,0.0,0.0,0.0,0.0,0.0,0.0,0.0
111831,Matheus Martins,BOT,Atacante,6.69,0.0,4.13,18,2.51,1.0,10.0,10.0,11.0,7.0,19.0,0.0,4.0,0.0,0.0,0.0,0.0,0.0,0.0,0.0,0.0,0.0,1.0,0.0,0.0
142890,Montoro,BOT,Meia,7.14,0.48,2.73,21,2.68,5.0,12.0,17.0,9.0,6.0,26.0,0.0,0.0,0.0,3.0,0.0,0.0,0.0,0.0,0.0,0.0,0.0,2.0,0.0,0.0
124481,Mateo Ponte,BOT,Lateral,5.38,-1.03,3.31,10,2.02,3.0,11.0,6.0,0.0,0.0,7.0,2.0,0.0,1.0,1.0,0.0,0.0,0.0,0.0,0.0,0.0,0.0,1.0,0.0,0.0
129930,Cristhian Loor,BOT,Goleiro,2.0,0.0,0.0,0,0.75,0.0,0.0,0.0,0.0,0.0,0.0,0.0,0.0,0.0,0.0,0.0,0.0,0.0,0.0,0.0,0.0,0.0,0.0,0.0,0.0
39850,Vagner Mancini,RBB,Técnico,8.34,-0.22,5.39,25,3.13,0.0,0.0,0.0,0.0,0.0,0.0,0.0,0.0,0.0,0.0,0.0,10.0,0.0,0.0,0.0,0.0,0.0,0.0,0.0,0.0
69140,Allan,BOT,Meia,4.5,0.0,2.05,11,1.69,3.0,16.0,11.0,0.0,3.0,5.0,0.0,0.0,0.0,0.0,0.0,0.0,0.0,0.0,0.0,0.0,0.0,0.0,0.0,0.0
93882,Cleiton,RBB,Goleiro,6.19,0.0,2.56,7,2.32,1.0,0.0,0.0,0.0,0.0,0.0,2.0,0.0,0.0,0.0,0.0,0.0,0.0,0.0,0.0,13.0,8.0,0.0,0.0,0.0
143072,Gabriel Abdias,BOT,Lateral,3.0,0.0,0.0,0,1.12,0.0,0.0,0.0,0.0,0.0,0.0,0.0,0.0,0.0,0.0,0.0,0.0,0.0,0.0,0.0,0.0,0.0,0.0,0.0,0.0
104693,Newton,SAO,Meia,4.54,0.43,2.05,10,1.7,2.0,12.0,6.0,1.0,2.0,7.0,0.0,0.0,0.0,0.0,0.0,0.0,0.0,0.0,0.0,0.0,0.0,0.0,0.0,0.0
94968,Juninho Capixaba,RBB,Lateral,12.69,-0.17,7.0,23,4.76,12.0,51.0,44.0,5.0,12.0,31.0,8.0,3.0,2.0,2.0,0.0,0.0,0.0,1.0,0.0,0.0,0.0,2.0,0.0,0.0
103295,Eric Ramires,RBB,Meia,2.3,0.1,0.63,17,0.86,2.0,6.0,11.0,0.0,2.0,9.0,0.0,0.0,0.0,0.0,1.0,0.0,0.0,0.0,0.0,0.0,0.0,0.0,0.0,0.0
91158,Kaio,BOT,Zagueiro,7.0,0.0,0.0,0,2.62,0.0,0.0,0.0,0.0,0.0,0.0,0.0,0.0,0.0,0.0,0.0,0.0,0.0,0.0,0.0,0.0,0.0,0.0,0.0,0.0
100848,Luan Cândido,VIT,Lateral,5.46,-0.73,3.45,16,2.05,1.0,13.0,13.0,2.0,4.0,5.0,5.0,0.0,5.0,2.0,1.0,0.0,0.0,0.0,1.0,0.0,0.0,0.0,0.0,0.0
142877,Villalba,BOT,Atacante,4.07,-0.33,1.65,13,1.53,2.0,9.0,6.0,1.0,2.0,2.0,0.0,1.0,0.0,0.0,0.0,0.0,0.0,0.0,0.0,0.0,0.0,0.0,0.0,0.0
142484,Barrera,BOT,Meia,4.93,0.0,2.46,11,1.85,0.0,5.0,9.0,6.0,2.0,5.0,0.0,1.0,0.0,0.0,0.0,0.0,0.0,0.0,0.0,0.0,0.0,1.0,0.0,0.0
146375,Kadir,BOT,Atacante,4.15,-0.08,2.04,12,1.56,2.0,6.0,18.0,5.0,10.0,8.0,0.0,0.0,1.0,1.0,0.0,0.0,0.0,0.0,0.0,0.0,0.0,0.0,0.0,0.0
78605,Gabriel,RBB,Meia,5.28,0.13,3.08,18,1.98,5.0,25.0,15.0,5.0,3.0,8.0,0.0,2.0,0.0,0.0,0.0,0.0,0.0,1.0,0.0,0.0,0.0,0.0,0.0,0.0
70360,Eduardo Sasha,RBB,Atacante,3.91,0.0,0.98,18,1.47,1.0,6.0,2.0,6.0,6.0,13.0,0.0,0.0,3.0,0.0,0.0,0.0,0.0,0.0,0.0,0.0,0.0,0.0,2.0,0.0
105213,Sant'Anna,RBB,Lateral,8.39,-0.61,5.77,11,3.15,3.0,14.0,9.0,3.0,3.0,5.0,6.0,0.0,3.0,2.0,0.0,0.0,0.0,0.0,0.0,0.0,0.0,0.0,0.0,0.0
108133,Isidro Pitta,RBB,Atacante,5.14,0.2,3.43,23,1.93,3.0,2.0,26.0,8.0,27.0,13.0,0.0,5.0,12.0,2.0,1.0,0.0,0.0,0.0,0.0,0.0,0.0,1.0,1.0,0.0
94067,Matheus Fernandes,RBB,Meia,4.54,-0.86,2.78,14,1.7,2.0,19.0,14.0,1.0,10.0,5.0,0.0,0.0,1.0,1.0,0.0,0.0,0.0,0.0,0.0,0.0,0.0,0.0,0.0,0.0
110750,Gustavo Marques,RBB,Zagueiro,7.38,-0.24,4.65,22,2.77,3.0,28.0,16.0,5.0,7.0,17.0,8.0,1.0,1.0,0.0,0.0,0.0,0.0,0.0,0.0,0.0,0.0,0.0,0.0,0.0
106434,Eduardo Santos,RBB,Zagueiro,3.6,-1.0,1.05,4,1.35,0.0,1.0,1.0,0.0,0.0,0.0,0.0,0.0,0.0,0.0,0.0,0.0,0.0,0.0,0.0,0.0,0.0,1.0,0.0,0.0
110715,Andrés Hurtado,RBB,Lateral,5.23,-0.33,3.35,16,1.96,2.0,13.0,10.0,2.0,7.0,6.0,4.0,1.0,0.0,0.0,0.0,0.0,0.0,0.0,0.0,0.0,0.0,0.0,0.0,0.0
103014,Laquintana,VIT,Atacante,4.0,0.0,0.0,0,1.5,0.0,0.0,0.0,0.0,0.0,0.0,0.0,0.0,0.0,0.0,0.0,0.0,0.0,0.0,0.0,0.0,0.0,0.0,0.0,0.0
111760,Fabinho,RBB,Meia,2.77,0.42,1.01,10,1.04,0.0,8.0,12.0,0.0,1.0,8.0,0.0,0.0,0.0,0.0,0.0,0.0,0.0,0.0,1.0,0.0,0.0,0.0,0.0,0.0
112886,Lucas Barbosa,RBB,Atacante,9.71,-1.16,6.24,23,3.64,5.0,30.0,40.0,17.0,28.0,41.0,0.0,5.0,7.0,2.0,0.0,0.0,0.0,0.0,0.0,0.0,0.0,1.0,0.0,0.0
107908,Hugo,COR,Lateral,4.0,0.0,0.0,0,1.5,0.0,0.0,0.0,0.0,0.0,0.0,0.0,0.0,0.0,0.0,0.0,0.0,0.0,0.0,0.0,0.0,0.0,0.0,0.0,0.0
122897,Guzmán Rodríguez,RBB,Zagueiro,6.47,0.93,3.0,1,2.43,1.0,2.0,0.0,0.0,0.0,0.0,0.0,0.0,0.0,0.0,0.0,0.0,0.0,0.0,0.0,0.0,0.0,0.0,0.0,0.0
104588,Fabrício,RBB,Goleiro,2.0,0.0,0.0,0,0.75,0.0,0.0,0.0,0.0,0.0,0.0,0.0,0.0,0.0,0.0,0.0,0.0,0.0,0.0,0.0,0.0,0.0,0.0,0.0,0.0
107744,Praxedes,RBB,Meia,4.0,0.0,0.0,0,1.5,0.0,0.0,0.0,0.0,0.0,0.0,0.0,0.0,0.0,0.0,0.0,0.0,0.0,0.0,0.0,0.0,0.0,0.0,0.0,0.0
107236,Vanderlan,RBB,Lateral,4.41,0.0,-0.3,1,1.65,1.0,0.0,1.0,0.0,0.0,0.0,0.0,0.0,0.0,0.0,0.0,0.0,0.0,0.0,0.0,0.0,0.0,0.0,0.0,0.0
39656,Alan Franco,CAM,Meia,4.58,0.24,1.95,20,1.72,5.0,25.0,27.0,3.0,3.0,8.0,0.0,0.0,2.0,1.0,0.0,0.0,0.0,0.0,0.0,0.0,0.0,0.0,0.0,0.0
111246,Alix Vinicius,RBB,Zagueiro,4.91,0.0,2.84,18,1.84,5.0,16.0,30.0,2.0,4.0,7.0,7.0,0.0,0.0,0.0,0.0,0.0,0.0,0.0,1.0,0.0,0.0,0.0,0.0,0.0
113157,Nathan Mendes,VIT,Lateral,7.52,0.0,5.02,12,2.82,3.0,21.0,14.0,0.0,1.0,10.0,5.0,0.0,0.0,1.0,0.0,0.0,0.0,0.0,0.0,0.0,0.0,0.0,0.0,0.0
124239,Henry Mosquera,RBB,Atacante,5.39,0.0,3.43,19,2.02,4.0,15.0,20.0,11.0,15.0,16.0,0.0,0.0,6.0,4.0,0.0,0.0,0.0,0.0,0.0,0.0,0.0,0.0,0.0,0.0
132274,Ignacio Sosa,RBB,Meia,3.41,0.0,1.5,15,1.28,5.0,14.0,17.0,1.0,1.0,19.0,0.0,0.0,0.0,0.0,0.0,0.0,0.0,0.0,0.0,0.0,0.0,0.0,0.0,0.0
132580,Vinicinho,RBB,Atacante,3.92,0.0,2.23,14,1.47,0.0,11.0,4.0,3.0,3.0,20.0,0.0,0.0,1.0,0.0,0.0,0.0,0.0,0.0,0.0,0.0,0.0,0.0,0.0,0.0
122755,Lucas Cunha,RBB,Zagueiro,3.0,0.0,0.0,0,1.12,0.0,0.0,0.0,0.0,0.0,0.0,0.0,0.0,0.0,0.0,0.0,0.0,0.0,0.0,0.0,0.0,0.0,0.0,0.0,0.0
91607,R. Rústico,SAN,Atacante,5.13,0.36,2.04,19,1.92,4.0,16.0,23.0,3.0,10.0,30.0,0.0,0.0,8.0,0.0,0.0,0.0,0.0,0.0,0.0,0.0,0.0,0.0,0.0,0.0
92087,Lyanco,CAM,Zagueiro,7.8,0.0,3.04,9,2.92,2.0,10.0,10.0,0.0,3.0,6.0,3.0,0.0,0.0,0.0,0.0,0.0,0.0,0.0,1.0,0.0,0.0,0.0,0.0,0.0
72605,Vitor Hugo,CAM,Zagueiro,6.23,-0.16,3.46,13,2.34,1.0,5.0,6.0,1.0,2.0,3.0,4.0,2.0,0.0,0.0,0.0,0.0,0.0,0.0,0.0,0.0,0.0,0.0,0.0,0.0
122394,Gustavinho,RBB,Meia,5.32,0.0,2.46,18,2.0,1.0,15.0,15.0,4.0,2.0,6.0,0.0,1.0,0.0,2.0,0.0,0.0,0.0,0.0,0.0,0.0,0.0,0.0,0.0,0.0
140906,Davi Gomes,RBB,Atacante,5.19,0.0,4.25,2,1.95,0.0,1.0,0.0,2.0,2.0,0.0,0.0,0.0,0.0,0.0,0.0,0.0,0.0,0.0,0.0,0.0,0.0,1.0,0.0,0.0
98909,Cuello,CAM,Atacante,11.04,2.25,6.61,22,4.14,2.0,34.0,19.0,7.0,19.0,36.0,0.0,5.0,15.0,2.0,0.0,0.0,0.0,0.0,0.0,0.0,0.0,4.0,0.0,0.0
107554,Natanael,CAM,Lateral,9.09,0.88,4.79,17,3.41,0.0,29.0,15.0,2.0,5.0,29.0,3.0,0.0,4.0,2.0,0.0,0.0,0.0,0.0,1.0,0.0,0.0,0.0,0.0,0.0
105068,Reinier,CAM,Meia,7.03,2.59,4.18,19,2.64,1.0,12.0,10.0,9.0,6.0,10.0,0.0,4.0,0.0,2.0,0.0,0.0,0.0,0.0,0.0,0.0,0.0,1.0,0.0,0.0
72460,Bernard,CAM,Meia,4.61,-0.1,2.87,22,1.73,0.0,16.0,16.0,1.0,5.0,17.0,0.0,2.0,3.0,3.0,0.0,0.0,0.0,0.0,0.0,0.0,0.0,0.0,0.0,0.0
138021,Palacios,RBB,Zagueiro,3.0,0.0,0.0,0,1.12,0.0,0.0,0.0,0.0,0.0,0.0,0.0,0.0,0.0,0.0,0.0,0.0,0.0,0.0,0.0,0.0,0.0,0.0,0.0,0.0
68920,Dudu,CAM,Atacante,6.09,0.0,2.31,16,2.28,0.0,3.0,3.0,6.0,5.0,12.0,0.0,2.0,0.0,0.0,0.0,0.0,0.0,0.0,0.0,0.0,0.0,0.0,0.0,0.0
87999,Gustavo Scarpa,CAM,Meia,6.41,0.08,2.88,13,2.4,0.0,6.0,3.0,4.0,7.0,6.0,0.0,1.0,1.0,1.0,0.0,0.0,0.0,0.0,0.0,0.0,0.0,1.0,0.0,0.0
115674,Gabriel Delfim,CAM,Goleiro,2.72,-0.03,1.87,3,1.02,0.0,0.0,0.0,0.0,0.0,1.0,0.0,0.0,0.0,0.0,0.0,0.0,0.0,0.0,0.0,7.0,4.0,0.0,0.0,0.0
40990,Dorival Júnior,SAO,Técnico,9.44,-0.59,4.48,19,3.54,0.0,0.0,0.0,0.0,0.0,0.0,0.0,0.0,0.0,0.0,0.0,3.0,0.0,0.0,0.0,0.0,0.0,0.0,0.0,0.0
78248,Gustavo Henrique,COR,Zagueiro,8.42,0.0,3.95,21,3.16,3.0,17.0,19.0,5.0,11.0,8.0,7.0,1.0,0.0,1.0,0.0,0.0,0.0,1.0,0.0,0.0,0.0,0.0,0.0,0.0
77485,Carrillo,COR,Meia,4.35,0.0,1.53,20,1.63,4.0,20.0,29.0,0.0,6.0,8.0,0.0,0.0,3.0,1.0,0.0,0.0,0.0,0.0,0.0,0.0,0.0,0.0,0.0,0.0
85048,Memphis Depay,COR,Atacante,9.1,0.0,2.27,10,3.41,0.0,2.0,4.0,3.0,5.0,11.0,0.0,1.0,2.0,0.0,0.0,0.0,0.0,0.0,0.0,0.0,0.0,0.0,0.0,0.0
96342,Charles,COR,Meia,4.49,0.96,2.25,4,1.68,1.0,6.0,3.0,0.0,0.0,4.0,0.0,0.0,1.0,0.0,0.0,0.0,0.0,0.0,0.0,0.0,0.0,0.0,0.0,0.0
100842,Ruan,CAM,Zagueiro,6.2,0.0,3.7,20,2.33,7.0,26.0,17.0,2.0,2.0,14.0,4.0,2.0,1.0,0.0,0.0,0.0,0.0,0.0,0.0,0.0,0.0,0.0,0.0,0.0
100084,Igor Gomes,CAM,Meia,4.51,-0.62,1.86,9,1.69,1.0,2.0,6.0,1.0,0.0,5.0,0.0,1.0,1.0,1.0,0.0,0.0,0.0,0.0,0.0,0.0,0.0,0.0,0.0,0.0
122990,Patrick,RBB,Meia,4.0,0.0,0.0,0,1.5,0.0,0.0,0.0,0.0,0.0,0.0,0.0,0.0,0.0,0.0,0.0,0.0,0.0,0.0,0.0,0.0,0.0,0.0,0.0,0.0
98720,Angileri,COR,Lateral,5.32,-0.81,4.09,10,2.0,3.0,11.0,6.0,0.0,4.0,6.0,3.0,1.0,0.0,0.0,0.0,0.0,0.0,0.0,0.0,0.0,0.0,0.0,0.0,0.0
118774,Alexsander,CAM,Meia,5.43,0.0,2.2,7,2.04,1.0,7.0,5.0,3.0,1.0,6.0,0.0,0.0,0.0,0.0,0.0,0.0,0.0,0.0,0.0,0.0,0.0,0.0,0.0,0.0
103767,Gabriel Menino,SAN,Meia,9.92,0.0,5.45,9,3.72,2.0,19.0,5.0,5.0,4.0,14.0,0.0,1.0,1.0,0.0,0.0,0.0,0.0,0.0,0.0,0.0,0.0,0.0,0.0,0.0
101002,Júnior Santos,BOT,Atacante,4.33,0.2,1.96,13,1.62,1.0,3.0,10.0,3.0,7.0,11.0,0.0,1.0,5.0,0.0,0.0,0.0,0.0,0.0,0.0,0.0,0.0,1.0,0.0,0.0
101574,Hugo Souza,COR,Goleiro,9.35,0.73,4.24,22,3.51,2.0,1.0,0.0,0.0,0.0,1.0,8.0,0.0,0.0,0.0,0.0,0.0,0.0,1.0,0.0,53.0,22.0,0.0,0.0,1.0
102130,Piquerez,PAL,Lateral,11.09,-0.01,6.45,13,4.16,1.0,15.0,5.0,2.0,4.0,11.0,6.0,0.0,1.0,4.0,0.0,0.0,0.0,0.0,0.0,0.0,0.0,1.0,0.0,0.0
102340,Cacá,VIT,Zagueiro,4.93,-0.41,2.47,18,1.85,5.0,8.0,10.0,1.0,4.0,4.0,6.0,1.0,0.0,0.0,0.0,0.0,0.0,1.0,1.0,0.0,0.0,0.0,0.0,0.0
72294,Everson,CAM,Goleiro,9.67,0.0,4.58,23,3.63,0.0,0.0,1.0,0.0,0.0,8.0,6.0,0.0,0.0,1.0,0.0,0.0,0.0,0.0,0.0,72.0,27.0,0.0,0.0,0.0
100695,Fernando,RBB,Atacante,5.57,0.05,5.17,12,2.09,1.0,13.0,7.0,3.0,6.0,11.0,0.0,3.0,3.0,1.0,0.0,0.0,0.0,0.0,0.0,0.0,0.0,1.0,0.0,0.0
117632,Garro,COR,Meia,9.28,-0.69,4.68,24,3.48,8.0,11.0,25.0,13.0,14.0,66.0,0.0,2.0,2.0,6.0,0.0,0.0,0.0,0.0,0.0,0.0,0.0,2.0,0.0,0.0
78435,Vitinho,COR,Atacante,5.06,0.0,2.13,7,1.9,0.0,5.0,5.0,2.0,5.0,5.0,0.0,0.0,0.0,0.0,0.0,0.0,0.0,0.0,0.0,0.0,0.0,0.0,0.0,0.0
105647,Maurício,PAL,Meia,7.72,0.0,4.62,23,2.9,2.0,14.0,17.0,11.0,12.0,18.0,0.0,7.0,2.0,1.0,0.0,0.0,0.0,0.0,0.0,0.0,0.0,0.0,0.0,0.0
97642,Félix Torres,INT,Zagueiro,5.18,0.0,3.75,19,1.94,3.0,28.0,16.0,2.0,5.0,6.0,4.0,1.0,1.0,0.0,0.0,0.0,0.0,0.0,0.0,0.0,0.0,0.0,0.0,0.0
125488,João Pedro,COR,Zagueiro,6.91,-0.8,4.12,5,2.59,1.0,4.0,3.0,1.0,1.0,3.0,1.0,1.0,0.0,0.0,0.0,0.0,0.0,0.0,0.0,0.0,0.0,0.0,0.0,0.0
92440,André Ramalho,COR,Zagueiro,5.73,0.0,2.55,6,2.15,4.0,4.0,5.0,0.0,1.0,8.0,2.0,0.0,0.0,0.0,0.0,0.0,0.0,0.0,0.0,0.0,0.0,0.0,0.0,0.0
95556,Raniele,COR,Meia,8.23,0.83,4.47,21,3.09,6.0,43.0,31.0,1.0,11.0,32.0,0.0,2.0,1.0,0.0,0.0,0.0,0.0,0.0,0.0,0.0,0.0,1.0,0.0,0.0
141995,Dieguinho,COR,Meia,3.19,-0.02,1.43,15,1.2,0.0,6.0,2.0,1.0,2.0,5.0,0.0,1.0,1.0,0.0,0.0,0.0,0.0,0.0,0.0,0.0,0.0,0.0,0.0,0.0
133543,Gui Negão,COR,Atacante,4.71,1.7,2.04,9,1.77,0.0,6.0,4.0,0.0,2.0,2.0,0.0,1.0,0.0,0.0,0.0,0.0,0.0,0.0,0.0,0.0,0.0,0.0,0.0,0.0
98225,Pedro Raul,COR,Atacante,3.29,0.0,1.29,13,1.23,1.0,3.0,9.0,3.0,2.0,6.0,0.0,1.0,3.0,0.0,0.0,0.0,0.0,0.0,0.0,0.0,0.0,0.0,0.0,0.0
42500,Fagner,CRU,Lateral,6.26,-0.14,4.01,19,2.35,3.0,30.0,23.0,2.0,4.0,11.0,2.0,0.0,0.0,4.0,0.0,0.0,0.0,0.0,0.0,0.0,0.0,0.0,0.0,0.0
84558,Lucas Romero,CRU,Meia,8.51,-1.37,4.89,19,3.19,3.0,35.0,23.0,5.0,4.0,22.0,0.0,2.0,0.0,3.0,0.0,0.0,0.0,1.0,0.0,0.0,0.0,0.0,0.0,0.0
122396,Ryan,COR,Meia,3.0,0.0,0.0,0,1.12,0.0,0.0,0.0,0.0,0.0,0.0,0.0,0.0,0.0,0.0,0.0,0.0,0.0,0.0,0.0,0.0,0.0,0.0,0.0,0.0
96610,Matheus Pereira,CRU,Meia,15.3,0.3,7.4,24,5.74,9.0,22.0,37.0,12.0,28.0,85.0,0.0,8.0,5.0,4.0,3.0,0.0,0.0,0.0,0.0,0.0,0.0,1.0,1.0,0.0
121824,Kayke,COR,Atacante,3.64,0.0,1.65,6,1.36,0.0,5.0,1.0,1.0,0.0,3.0,0.0,0.0,0.0,0.0,0.0,0.0,0.0,0.0,0.0,0.0,0.0,0.0,0.0,0.0
127242,Bahia,COR,Meia,2.0,0.0,0.0,0,0.75,0.0,0.0,0.0,0.0,0.0,0.0,0.0,0.0,0.0,0.0,0.0,0.0,0.0,0.0,0.0,0.0,0.0,0.0,0.0,0.0
111690,Matheus Cunha,INT,Goleiro,4.12,0.31,3.18,16,1.54,2.0,0.0,0.0,0.0,0.0,3.0,6.0,0.0,0.0,1.0,0.0,0.0,0.0,0.0,0.0,28.0,20.0,0.0,0.0,0.0
45125,Tite,BOT,Técnico,9.29,0.0,3.81,6,3.48,0.0,0.0,0.0,0.0,0.0,0.0,0.0,0.0,0.0,0.0,0.0,0.0,0.0,0.0,0.0,0.0,0.0,0.0,0.0,0.0
105047,João Marcelo,CRU,Zagueiro,3.87,-0.7,2.28,12,1.45,2.0,10.0,13.0,0.0,1.0,9.0,1.0,1.0,0.0,0.0,0.0,0.0,0.0,0.0,0.0,0.0,0.0,0.0,0.0,0.0
132264,Arroyo,CRU,Atacante,5.54,0.06,3.44,22,2.08,4.0,13.0,18.0,14.0,13.0,25.0,0.0,3.0,2.0,1.0,0.0,0.0,0.0,0.0,1.0,0.0,0.0,0.0,0.0,0.0
131753,Felipe Longo,COR,Goleiro,2.0,0.0,0.0,0,0.75,0.0,0.0,0.0,0.0,0.0,0.0,0.0,0.0,0.0,0.0,0.0,0.0,0.0,0.0,0.0,0.0,0.0,0.0,0.0,0.0
145744,André,COR,Meia,6.15,0.0,4.07,16,2.31,1.0,20.0,16.0,1.0,5.0,15.0,0.0,3.0,0.0,2.0,0.0,0.0,0.0,0.0,2.0,0.0,0.0,0.0,0.0,0.0
88479,Walace,VIT,Meia,2.99,0.0,1.23,6,1.12,0.0,3.0,4.0,1.0,3.0,1.0,0.0,0.0,0.0,0.0,0.0,0.0,0.0,0.0,0.0,0.0,0.0,0.0,0.0,0.0
89275,William,CRU,Lateral,8.95,0.0,4.07,12,3.36,1.0,22.0,13.0,4.0,2.0,5.0,3.0,0.0,1.0,0.0,0.0,0.0,0.0,0.0,1.0,0.0,0.0,0.0,0.0,0.0
100742,Matheus Henrique,CRU,Meia,5.04,-0.14,2.19,24,1.89,3.0,24.0,17.0,1.0,8.0,26.0,0.0,0.0,0.0,1.0,0.0,0.0,0.0,1.0,0.0,0.0,0.0,0.0,0.0,0.0
93478,Wanderson,CRU,Atacante,3.98,0.0,1.95,18,1.49,0.0,8.0,8.0,3.0,6.0,3.0,0.0,2.0,3.0,0.0,0.0,0.0,0.0,0.0,0.0,0.0,0.0,0.0,0.0,0.0
79701,Lucas Silva,CRU,Meia,3.22,-0.06,0.36,17,1.21,5.0,7.0,8.0,0.0,2.0,3.0,0.0,0.0,0.0,0.0,0.0,0.0,0.0,0.0,0.0,0.0,0.0,0.0,0.0,0.0
69783,Danilo,FLA,Zagueiro,4.85,0.12,1.4,9,1.82,0.0,7.0,4.0,0.0,1.0,1.0,1.0,0.0,0.0,0.0,0.0,0.0,0.0,0.0,1.0,0.0,0.0,0.0,0.0,0.0
117404,Otávio,CRU,Goleiro,4.25,0.46,3.45,14,1.59,2.0,0.0,0.0,0.0,0.0,2.0,1.0,0.0,0.0,0.0,0.0,0.0,0.0,0.0,0.0,48.0,18.0,0.0,0.0,0.0
82627,Luiz Araújo,FLA,Atacante,6.92,0.0,3.09,14,2.59,2.0,12.0,8.0,2.0,3.0,8.0,0.0,2.0,1.0,1.0,0.0,0.0,0.0,0.0,0.0,0.0,0.0,0.0,0.0,0.0
131967,Villarreal,CRU,Atacante,7.96,0.0,4.98,14,2.98,0.0,12.0,9.0,5.0,11.0,16.0,0.0,3.0,2.0,1.0,0.0,0.0,0.0,0.0,0.0,0.0,0.0,1.0,0.0,0.0
143600,Kauã Moraes,CRU,Lateral,6.81,0.0,4.83,10,2.55,2.0,10.0,14.0,1.0,1.0,13.0,2.0,2.0,0.0,1.0,0.0,0.0,0.0,0.0,0.0,0.0,0.0,0.0,0.0,0.0
83528,Léo Pereira,FLA,Zagueiro,10.07,0.0,5.03,20,3.78,5.0,15.0,14.0,3.0,10.0,9.0,10.0,2.0,0.0,1.0,0.0,0.0,0.0,0.0,0.0,0.0,0.0,0.0,0.0,0.0
114405,Sinisterra,CRU,Atacante,5.85,0.0,3.27,8,2.19,0.0,8.0,8.0,2.0,7.0,1.0,0.0,1.0,0.0,0.0,0.0,0.0,0.0,0.0,0.0,0.0,0.0,0.0,0.0,0.0
113158,Marquinhos,CRU,Atacante,3.54,0.0,0.45,2,1.33,0.0,0.0,2.0,0.0,0.0,3.0,0.0,0.0,0.0,0.0,0.0,0.0,0.0,0.0,0.0,0.0,0.0,0.0,0.0,0.0
124912,Jonathan Jesus,CRU,Zagueiro,6.03,0.0,4.11,16,2.26,3.0,32.0,16.0,1.0,8.0,6.0,3.0,0.0,1.0,0.0,0.0,0.0,0.0,0.0,0.0,0.0,0.0,0.0,0.0,0.0
137543,Tevis,CRU,Atacante,2.0,0.0,0.0,0,0.75,0.0,0.0,0.0,0.0,0.0,0.0,0.0,0.0,0.0,0.0,0.0,0.0,0.0,0.0,0.0,0.0,0.0,0.0,0.0,0.0
146807,Rayan Lelis,CRU,Atacante,2.0,0.0,0.0,0,0.75,0.0,0.0,0.0,0.0,0.0,0.0,0.0,0.0,0.0,0.0,0.0,0.0,0.0,0.0,0.0,0.0,0.0,0.0,0.0,0.0
87863,Arrascaeta,FLA,Meia,13.42,-0.74,5.3,18,5.03,2.0,11.0,8.0,7.0,17.0,15.0,0.0,3.0,1.0,4.0,1.0,0.0,0.0,0.0,0.0,0.0,0.0,3.0,0.0,0.0
88393,Ayrton Lucas,FLA,Lateral,8.94,-0.11,5.31,16,3.35,0.0,14.0,14.0,5.0,6.0,5.0,9.0,0.0,0.0,2.0,0.0,0.0,0.0,0.0,0.0,0.0,0.0,0.0,0.0,0.0
122660,Japa,MIR,Meia,5.51,0.0,3.71,8,2.07,0.0,7.0,4.0,3.0,6.0,8.0,0.0,1.0,0.0,0.0,0.0,0.0,0.0,0.0,0.0,0.0,0.0,0.0,0.0,0.0
84816,Varela,FLA,Lateral,7.54,-0.01,4.22,19,2.83,3.0,20.0,9.0,0.0,4.0,14.0,7.0,0.0,1.0,2.0,1.0,0.0,0.0,0.0,0.0,0.0,0.0,0.0,0.0,0.0
86757,Everton,SAN,Atacante,6.07,0.11,2.07,11,2.28,2.0,4.0,8.0,3.0,12.0,6.0,0.0,0.0,0.0,1.0,0.0,0.0,0.0,0.0,0.0,0.0,0.0,0.0,0.0,0.0
137542,Kaique Kenji,CRU,Atacante,2.61,0.0,1.25,11,0.98,3.0,2.0,5.0,3.0,2.0,4.0,0.0,1.0,0.0,0.0,0.0,0.0,0.0,0.0,0.0,0.0,0.0,0.0,0.0,0.0
91473,Erick Pulgar,FLA,Meia,6.4,0.34,2.94,16,2.4,6.0,29.0,20.0,1.0,1.0,11.0,0.0,1.0,0.0,0.0,0.0,0.0,0.0,0.0,1.0,0.0,0.0,1.0,0.0,0.0
96870,Emerson Royal,FLA,Lateral,7.96,0.0,5.63,12,2.98,0.0,18.0,13.0,1.0,1.0,5.0,7.0,0.0,2.0,1.0,0.0,0.0,0.0,0.0,0.0,0.0,0.0,0.0,0.0,0.0
96652,Allan,COR,Meia,3.12,0.0,1.74,20,1.17,4.0,21.0,22.0,3.0,4.0,10.0,0.0,0.0,0.0,1.0,0.0,0.0,0.0,0.0,1.0,0.0,0.0,0.0,0.0,0.0
80061,Saúl,FLA,Meia,5.86,0.0,2.08,7,2.2,0.0,7.0,3.0,0.0,0.0,0.0,0.0,0.0,0.0,1.0,0.0,0.0,0.0,0.0,0.0,0.0,0.0,0.0,0.0,0.0
90285,Bruno Henrique,FLA,Atacante,6.63,1.22,2.97,18,2.49,3.0,9.0,14.0,4.0,7.0,12.0,0.0,2.0,3.0,3.0,0.0,0.0,0.0,0.0,0.0,0.0,0.0,0.0,0.0,0.0
97867,Léo Ortiz,FLA,Zagueiro,8.81,-0.26,4.24,21,3.3,0.0,16.0,13.0,0.0,3.0,5.0,10.0,1.0,1.0,0.0,0.0,0.0,0.0,0.0,0.0,0.0,0.0,2.0,0.0,0.0
98873,Samuel Lino,FLA,Atacante,12.45,-1.01,8.64,25,4.67,3.0,41.0,23.0,12.0,19.0,44.0,0.0,9.0,4.0,7.0,0.0,0.0,0.0,0.0,0.0,0.0,0.0,2.0,0.0,0.0
84735,Jorginho,FLA,Meia,8.22,-0.68,3.85,20,3.08,4.0,32.0,18.0,0.0,3.0,26.0,0.0,2.0,0.0,2.0,0.0,0.0,0.0,0.0,1.0,0.0,0.0,0.0,0.0,0.0
109096,Plata,FLA,Atacante,11.47,0.93,6.85,14,4.3,2.0,29.0,7.0,11.0,6.0,13.0,0.0,2.0,0.0,2.0,0.0,0.0,0.0,0.0,0.0,0.0,0.0,2.0,0.0,0.0
122318,Dyogo Alves,FLA,Goleiro,3.0,0.0,0.0,0,1.12,0.0,0.0,0.0,0.0,0.0,0.0,0.0,0.0,0.0,0.0,0.0,0.0,0.0,0.0,0.0,0.0,0.0,0.0,0.0,0.0
99228,De la Cruz,FLA,Meia,4.41,0.0,0.82,10,1.65,3.0,4.0,8.0,0.0,2.0,12.0,0.0,0.0,0.0,0.0,0.0,0.0,0.0,0.0,0.0,0.0,0.0,0.0,0.0,0.0
78445,Renê,FLU,Lateral,11.17,0.0,6.29,18,4.19,1.0,48.0,16.0,4.0,4.0,18.0,4.0,0.0,0.0,2.0,0.0,0.0,0.0,0.0,0.0,0.0,0.0,0.0,0.0,0.0
122320,Daniel Sales,FLA,Lateral,2.0,0.0,0.0,0,0.75,0.0,0.0,0.0,0.0,0.0,0.0,0.0,0.0,0.0,0.0,0.0,0.0,0.0,0.0,0.0,0.0,0.0,0.0,0.0,0.0
115914,Evertton Araújo,FLA,Meia,2.59,0.0,1.17,18,0.97,3.0,9.0,18.0,0.0,12.0,3.0,0.0,0.0,0.0,1.0,0.0,0.0,0.0,0.0,1.0,0.0,0.0,1.0,0.0,0.0
122573,Wallace Yan,RBB,Atacante,2.92,-1.35,1.24,9,1.09,1.0,3.0,7.0,3.0,1.0,7.0,0.0,0.0,2.0,1.0,0.0,0.0,0.0,0.0,1.0,0.0,0.0,0.0,0.0,0.0
143295,Joshua,FLA,Meia,2.6,0.0,-0.3,1,0.98,0.0,0.0,1.0,0.0,0.0,0.0,0.0,0.0,0.0,0.0,0.0,0.0,0.0,0.0,0.0,0.0,0.0,0.0,0.0,0.0
145705,Douglas Telles,FLA,Atacante,2.0,0.0,0.0,0,0.75,0.0,0.0,0.0,0.0,0.0,0.0,0.0,0.0,0.0,0.0,0.0,0.0,0.0,0.0,0.0,0.0,0.0,0.0,0.0,0.0
140492,João Victor,FLA,Zagueiro,4.34,0.0,6.5,1,1.63,0.0,1.0,0.0,0.0,0.0,0.0,1.0,0.0,0.0,0.0,0.0,0.0,0.0,0.0,0.0,0.0,0.0,0.0,0.0,0.0
130189,Léo Nannetti,FLA,Goleiro,2.0,0.0,0.0,0,0.75,0.0,0.0,0.0,0.0,0.0,0.0,0.0,0.0,0.0,0.0,0.0,0.0,0.0,0.0,0.0,0.0,0.0,0.0,0.0,0.0
78117,Everaldo,BAH,Atacante,5.55,0.18,3.39,17,2.08,2.0,10.0,13.0,3.0,6.0,16.0,0.0,4.0,1.0,0.0,0.0,0.0,0.0,0.0,1.0,0.0,0.0,1.0,0.0,0.0
73384,Samuel Xavier,FLU,Lateral,7.3,0.0,3.56,15,2.74,4.0,21.0,18.0,2.0,2.0,25.0,3.0,0.0,2.0,0.0,0.0,0.0,0.0,0.0,0.0,0.0,0.0,0.0,0.0,0.0
87228,Guilherme Arana,FLU,Lateral,7.88,-0.23,3.55,16,2.96,2.0,16.0,10.0,5.0,8.0,5.0,3.0,1.0,1.0,0.0,0.0,0.0,0.0,0.0,0.0,0.0,0.0,0.0,0.0,0.0
89493,Igor Rabello,FLU,Zagueiro,7.78,-0.28,5.43,3,2.92,0.0,7.0,0.0,0.0,1.0,0.0,1.0,0.0,0.0,0.0,0.0,0.0,0.0,0.0,0.0,0.0,0.0,0.0,0.0,0.0
62977,Ganso,FLU,Meia,3.35,-0.31,1.36,18,1.26,2.0,12.0,10.0,2.0,1.0,11.0,0.0,0.0,1.0,0.0,0.0,0.0,0.0,0.0,0.0,0.0,0.0,1.0,0.0,0.0
101319,Guga,FLU,Lateral,6.36,0.0,3.47,15,2.39,3.0,18.0,12.0,0.0,3.0,9.0,3.0,0.0,1.0,2.0,0.0,0.0,0.0,0.0,0.0,0.0,0.0,0.0,0.0,0.0
79631,Cano,FLU,Atacante,4.31,0.0,2.28,8,1.62,0.0,0.0,1.0,3.0,5.0,0.0,0.0,1.0,0.0,0.0,0.0,0.0,0.0,0.0,0.0,0.0,0.0,1.0,0.0,0.0
101478,Marcelo Pitaluga,FLU,Goleiro,3.0,0.0,0.0,0,1.12,0.0,0.0,0.0,0.0,0.0,0.0,0.0,0.0,0.0,0.0,0.0,0.0,0.0,0.0,0.0,0.0,0.0,0.0,0.0,0.0
108683,Emiliano Martínez,PAL,Meia,3.84,0.0,2.06,13,1.44,1.0,17.0,8.0,2.0,1.0,3.0,0.0,0.0,0.0,0.0,0.0,0.0,0.0,0.0,0.0,0.0,0.0,0.0,0.0,0.0
102928,Canobbio,FLU,Atacante,10.83,-0.22,7.14,19,4.06,5.0,37.0,27.0,11.0,8.0,32.0,0.0,5.0,3.0,3.0,0.0,0.0,0.0,0.0,1.0,0.0,0.0,2.0,0.0,0.0
86485,Keno,CFC,Atacante,3.09,0.0,0.61,7,1.16,0.0,0.0,2.0,1.0,1.0,6.0,0.0,0.0,1.0,0.0,0.0,0.0,0.0,0.0,0.0,0.0,0.0,0.0,0.0,0.0
103523,Ignácio,FLU,Zagueiro,7.19,0.0,4.64,13,2.7,4.0,19.0,10.0,0.0,6.0,10.0,2.0,2.0,0.0,0.0,0.0,0.0,0.0,0.0,0.0,0.0,0.0,1.0,0.0,0.0
127932,Júlio Fidelis,FLU,Lateral,5.15,1.83,5.47,3,1.93,0.0,8.0,2.0,0.0,0.0,0.0,1.0,0.0,0.0,0.0,0.0,0.0,0.0,0.0,0.0,0.0,0.0,0.0,0.0,0.0
82463,Otávio,FLU,Meia,3.64,0.77,1.34,7,1.36,2.0,7.0,7.0,1.0,1.0,2.0,0.0,0.0,0.0,0.0,0.0,0.0,0.0,0.0,0.0,0.0,0.0,0.0,0.0,0.0
87258,Soteldo,FLU,Atacante,4.53,0.0,2.12,19,1.7,1.0,8.0,3.0,5.0,8.0,16.0,0.0,0.0,1.0,2.0,0.0,0.0,0.0,0.0,0.0,0.0,0.0,0.0,0.0,0.0
132071,Serna,FLU,Atacante,6.92,0.78,3.73,25,2.59,1.0,20.0,22.0,8.0,9.0,25.0,0.0,3.0,7.0,3.0,0.0,0.0,0.0,0.0,0.0,0.0,0.0,1.0,0.0,0.0
100987,Nonato,FLU,Meia,5.8,-0.12,2.64,14,2.17,5.0,17.0,15.0,1.0,1.0,12.0,0.0,1.0,0.0,1.0,0.0,0.0,0.0,0.0,0.0,0.0,0.0,0.0,0.0,0.0
113034,Freytes,FLU,Zagueiro,4.55,0.12,2.49,18,1.71,4.0,15.0,15.0,1.0,6.0,10.0,4.0,0.0,0.0,0.0,0.0,0.0,0.0,0.0,0.0,0.0,0.0,0.0,0.0,0.0
116447,Hércules,FLU,Meia,6.69,0.22,3.5,22,2.51,3.0,28.0,29.0,8.0,11.0,9.0,0.0,3.0,2.0,0.0,0.0,0.0,0.0,0.0,0.0,0.0,0.0,0.0,0.0,0.0
102137,Vitor Eudes,FLU,Goleiro,2.0,0.0,0.0,0,0.75,0.0,0.0,0.0,0.0,0.0,0.0,0.0,0.0,0.0,0.0,0.0,0.0,0.0,0.0,0.0,0.0,0.0,0.0,0.0,0.0
72018,Tiago Volpi,RBB,Goleiro,9.93,0.84,5.6,18,3.72,1.0,0.0,0.0,0.0,0.0,3.0,6.0,2.0,0.0,0.0,0.0,0.0,0.0,0.0,0.0,57.0,20.0,0.0,0.0,0.0
96340,Lima,SAN,Meia,3.69,-0.63,-0.27,3,1.38,1.0,0.0,1.0,0.0,0.0,1.0,0.0,0.0,0.0,0.0,0.0,0.0,0.0,0.0,0.0,0.0,0.0,0.0,0.0,0.0
110759,John Kennedy,FLU,Atacante,10.92,0.0,7.3,17,4.09,0.0,13.0,19.0,16.0,9.0,8.0,0.0,9.0,2.0,1.0,0.0,0.0,0.0,0.0,0.0,0.0,0.0,1.0,0.0,0.0
87342,Kannemann,GRE,Zagueiro,3.82,-0.12,0.73,4,1.43,3.0,5.0,2.0,0.0,0.0,0.0,0.0,0.0,0.0,0.0,0.0,0.0,0.0,1.0,0.0,0.0,0.0,0.0,0.0,0.0
97145,Villasanti,GRE,Meia,8.46,3.47,4.27,6,3.17,1.0,10.0,7.0,2.0,1.0,5.0,0.0,1.0,0.0,0.0,0.0,0.0,0.0,0.0,0.0,0.0,0.0,0.0,0.0,0.0
102318,Caio Paulista,GRE,Lateral,5.54,0.0,3.08,9,2.08,1.0,11.0,3.0,0.0,2.0,3.0,2.0,0.0,0.0,0.0,0.0,0.0,0.0,0.0,0.0,0.0,0.0,0.0,0.0,0.0
140484,Riquelme Felipe,FLU,Atacante,3.55,-0.63,1.68,5,1.33,1.0,2.0,3.0,0.0,1.0,3.0,0.0,0.0,0.0,1.0,0.0,0.0,0.0,0.0,0.0,0.0,0.0,0.0,0.0,0.0
63289,Edenílson,BOT,Meia,5.84,0.0,2.89,17,2.19,2.0,6.0,10.0,2.0,3.0,7.0,0.0,3.0,1.0,2.0,0.0,0.0,0.0,0.0,0.0,0.0,0.0,1.0,0.0,0.0
105563,Carlos Vinícius,GRE,Atacante,12.49,-0.21,4.65,24,4.68,4.0,6.0,27.0,13.0,11.0,25.0,0.0,9.0,19.0,1.0,0.0,0.0,0.0,0.0,0.0,0.0,0.0,1.0,0.0,0.0
63013,Marcos Rocha,GRE,Lateral,5.95,0.0,0.8,4,2.23,0.0,2.0,1.0,0.0,0.0,1.0,0.0,0.0,0.0,0.0,0.0,0.0,0.0,0.0,0.0,0.0,0.0,0.0,0.0,0.0
87887,Balbuena,GRE,Zagueiro,6.98,0.0,3.94,7,2.62,0.0,11.0,2.0,0.0,1.0,2.0,2.0,0.0,1.0,0.0,0.0,0.0,0.0,0.0,0.0,0.0,0.0,0.0,0.0,0.0
111309,Gustavo Martins,GRE,Zagueiro,6.53,0.0,3.69,16,2.45,4.0,14.0,17.0,2.0,6.0,6.0,3.0,2.0,1.0,2.0,0.0,0.0,1.0,1.0,0.0,0.0,0.0,0.0,0.0,0.0
90532,Arthur Melo,SAN,Meia,7.95,0.22,3.24,12,2.98,1.0,15.0,8.0,0.0,1.0,38.0,0.0,0.0,0.0,0.0,0.0,0.0,0.0,0.0,0.0,0.0,0.0,0.0,0.0,0.0
112616,Gabriel Grando,GRE,Goleiro,3.77,0.0,0.3,1,1.41,0.0,0.0,0.0,0.0,0.0,0.0,0.0,0.0,0.0,0.0,0.0,0.0,0.0,0.0,0.0,1.0,1.0,0.0,0.0,0.0
89883,Dodi,GRE,Meia,2.3,0.0,-0.01,8,0.86,2.0,2.0,8.0,0.0,1.0,1.0,0.0,0.0,0.0,0.0,0.0,0.0,0.0,0.0,0.0,0.0,0.0,0.0,0.0,0.0
89273,João Pedro,GRE,Lateral,2.73,0.0,0.6,6,1.02,0.0,3.0,6.0,0.0,0.0,2.0,0.0,0.0,1.0,0.0,0.0,0.0,0.0,0.0,0.0,0.0,0.0,0.0,0.0,0.0
72951,Mercado,INT,Zagueiro,5.88,-0.2,3.62,17,2.21,6.0,24.0,16.0,2.0,2.0,9.0,4.0,1.0,1.0,0.0,0.0,0.0,0.0,0.0,0.0,0.0,0.0,0.0,0.0,0.0
91908,Pavón,GRE,Atacante,6.2,0.0,4.32,22,2.33,6.0,39.0,16.0,4.0,4.0,11.0,0.0,2.0,4.0,3.0,0.0,0.0,0.0,0.0,0.0,0.0,0.0,1.0,0.0,0.0
91706,Marlon,GRE,Lateral,8.13,0.0,4.68,10,3.05,3.0,17.0,12.0,2.0,2.0,12.0,1.0,1.0,1.0,1.0,0.0,0.0,0.0,0.0,0.0,0.0,0.0,0.0,0.0,0.0
88136,Ivan,REM,Goleiro,7.58,0.0,10.2,1,2.84,0.0,0.0,0.0,0.0,0.0,0.0,1.0,0.0,0.0,0.0,0.0,0.0,0.0,0.0,0.0,4.0,0.0,0.0,0.0,0.0
70944,Bruno Henrique,INT,Meia,5.18,0.43,2.34,24,1.94,0.0,17.0,29.0,5.0,11.0,8.0,0.0,2.0,1.0,1.0,0.0,0.0,0.0,0.0,0.0,0.0,0.0,0.0,0.0,0.0
104994,Wagner Leonardo,GRE,Zagueiro,5.23,0.0,2.5,10,1.96,1.0,13.0,10.0,0.0,2.0,2.0,2.0,0.0,1.0,0.0,0.0,0.0,0.0,0.0,1.0,0.0,0.0,0.0,0.0,0.0
92182,Juninho,INT,Zagueiro,4.97,-0.63,2.77,9,1.86,0.0,5.0,0.0,0.0,3.0,0.0,3.0,0.0,0.0,0.0,0.0,0.0,0.0,0.0,0.0,0.0,0.0,0.0,0.0,0.0
101960,Vitinho,INT,Atacante,7.54,-0.18,4.72,26,2.83,5.0,38.0,33.0,11.0,16.0,42.0,0.0,2.0,3.0,3.0,1.0,0.0,0.0,1.0,0.0,0.0,0.0,1.0,0.0,0.0
107989,Carbonero,INT,Atacante,10.01,1.48,5.31,26,3.75,4.0,9.0,29.0,15.0,23.0,53.0,0.0,7.0,14.0,4.0,0.0,0.0,0.0,0.0,0.0,0.0,0.0,0.0,0.0,0.0
111683,Anthoni,INT,Goleiro,4.63,0.0,2.79,10,1.74,0.0,0.0,0.0,0.0,0.0,1.0,2.0,0.0,0.0,0.0,0.0,0.0,0.0,0.0,0.0,25.0,15.0,0.0,0.0,0.0
130889,Riquelme,GRE,Meia,2.42,0.0,-1.45,2,0.91,0.0,0.0,3.0,0.0,0.0,2.0,0.0,0.0,0.0,0.0,0.0,0.0,0.0,0.0,1.0,0.0,0.0,0.0,0.0,0.0
116067,Thiago Beltrame,GRE,Goleiro,2.08,0.0,0.7,1,0.78,0.0,0.0,1.0,0.0,0.0,1.0,0.0,0.0,0.0,0.0,0.0,0.0,0.0,0.0,1.0,5.0,3.0,0.0,0.0,0.0
86711,Richard,CFC,Meia,4.0,0.0,0.0,0,1.5,0.0,0.0,0.0,0.0,0.0,0.0,0.0,0.0,0.0,0.0,0.0,0.0,0.0,0.0,0.0,0.0,0.0,0.0,0.0,0.0
142004,Amuzu,GRE,Atacante,6.72,0.0,3.76,21,2.52,0.0,14.0,12.0,8.0,13.0,31.0,0.0,1.0,0.0,3.0,0.0,0.0,0.0,0.0,0.0,0.0,0.0,1.0,0.0,0.0
118238,Ronald,GRE,Meia,3.0,0.0,0.0,0,1.12,0.0,0.0,0.0,0.0,0.0,0.0,0.0,0.0,0.0,0.0,0.0,0.0,0.0,0.0,0.0,0.0,0.0,0.0,0.0,0.0
71631,Weverton,GRE,Goleiro,7.48,-0.46,4.55,23,2.81,2.0,0.0,0.0,0.0,0.0,6.0,5.0,0.0,0.0,1.0,0.0,0.0,0.0,1.0,0.0,69.0,29.0,0.0,0.0,2.0
89637,Thiago Maia,INT,Meia,4.72,0.0,2.02,12,1.77,0.0,9.0,4.0,1.0,0.0,2.0,0.0,0.0,1.0,2.0,0.0,0.0,0.0,0.0,0.0,0.0,0.0,0.0,0.0,0.0
68872,Marcelo Lomba,PAL,Goleiro,7.08,0.0,8.9,1,2.66,0.0,0.0,0.0,0.0,0.0,0.0,1.0,0.0,0.0,0.0,0.0,0.0,0.0,0.0,0.0,3.0,0.0,0.0,0.0,0.0
115479,Paulo Pezzolano,INT,Técnico,7.66,0.11,4.83,27,2.87,0.0,0.0,0.0,0.0,0.0,0.0,0.0,0.0,0.0,0.0,0.0,6.0,0.0,0.0,0.0,0.0,0.0,0.0,0.0,0.0
92981,Ronaldo,INT,Meia,3.37,-0.23,1.92,12,1.26,2.0,11.0,14.0,0.0,4.0,3.0,0.0,1.0,0.0,0.0,0.0,0.0,0.0,0.0,0.0,0.0,0.0,0.0,0.0,0.0
106202,Bruno Gomes,INT,Meia,6.66,-0.5,3.76,26,2.5,4.0,50.0,29.0,2.0,8.0,47.0,0.0,0.0,0.0,0.0,0.0,0.0,0.0,0.0,0.0,0.0,0.0,1.0,0.0,0.0
84674,Lucas Evangelista,PAL,Meia,3.98,-0.31,1.2,22,1.49,0.0,7.0,8.0,1.0,5.0,17.0,0.0,0.0,1.0,1.0,0.0,0.0,0.0,0.0,0.0,0.0,0.0,0.0,0.0,0.0
97653,Murilo,PAL,Zagueiro,8.11,1.82,3.87,23,3.04,3.0,21.0,32.0,6.0,3.0,5.0,8.0,2.0,0.0,1.0,0.0,0.0,0.0,0.0,1.0,0.0,0.0,0.0,0.0,0.0
71684,Gustavo Gómez,PAL,Zagueiro,11.12,0.18,5.37,24,4.17,2.0,23.0,24.0,2.0,10.0,4.0,9.0,4.0,7.0,3.0,0.0,0.0,0.0,0.0,0.0,0.0,0.0,0.0,0.0,0.0
111466,Victor Gabriel,INT,Zagueiro,3.51,0.0,2.16,16,1.32,6.0,20.0,22.0,0.0,2.0,9.0,3.0,0.0,0.0,0.0,0.0,0.0,0.0,1.0,1.0,0.0,0.0,0.0,0.0,0.0
110506,Abel Ferreira,PAL,Técnico,12.37,0.44,6.74,27,4.64,0.0,0.0,0.0,0.0,0.0,0.0,0.0,0.0,0.0,0.0,0.0,16.0,0.0,0.0,0.0,0.0,0.0,0.0,0.0,0.0
104084,Carlos Miguel,PAL,Goleiro,8.72,-0.28,5.2,26,3.27,3.0,0.0,0.0,0.0,0.0,11.0,10.0,0.0,0.0,0.0,0.0,0.0,0.0,0.0,0.0,80.0,21.0,0.0,0.0,0.0
104085,Bruno Fuchs,PAL,Zagueiro,8.31,-0.19,4.61,8,3.12,0.0,9.0,7.0,0.0,0.0,1.0,5.0,0.0,0.0,0.0,0.0,0.0,0.0,0.0,0.0,0.0,0.0,0.0,0.0,0.0
110510,Aguirre,INT,Lateral,6.73,0.0,4.21,18,2.52,3.0,21.0,18.0,4.0,7.0,3.0,4.0,2.0,2.0,1.0,0.0,0.0,0.0,0.0,0.0,0.0,0.0,0.0,0.0,0.0
70592,Felipe Anderson,PAL,Meia,6.46,-0.25,3.34,20,2.42,1.0,25.0,10.0,1.0,5.0,8.0,0.0,2.0,0.0,1.0,0.0,0.0,0.0,0.0,0.0,0.0,0.0,1.0,0.0,0.0
105175,Khellven,PAL,Lateral,6.49,0.97,3.25,19,2.43,3.0,20.0,18.0,0.0,3.0,8.0,6.0,0.0,1.0,1.0,0.0,0.0,1.0,1.0,0.0,0.0,0.0,1.0,0.0,0.0
117910,Breno Bidon,COR,Meia,7.7,-1.25,3.5,24,2.89,4.0,25.0,31.0,2.0,7.0,55.0,0.0,2.0,2.0,1.0,0.0,0.0,0.0,0.0,0.0,0.0,0.0,1.0,0.0,0.0
143488,Raykkonen,INT,Atacante,2.63,0.0,0.5,1,0.99,0.0,0.0,0.0,0.0,0.0,1.0,0.0,0.0,0.0,0.0,0.0,0.0,0.0,0.0,0.0,0.0,0.0,0.0,0.0,0.0
113103,Flaco López,PAL,Atacante,13.45,0.0,6.91,24,5.04,2.0,28.0,33.0,12.0,24.0,49.0,0.0,8.0,14.0,3.0,0.0,0.0,0.0,0.0,0.0,0.0,0.0,0.0,0.0,0.0
99818,Paulinho,PAL,Atacante,10.37,0.0,3.42,6,3.89,1.0,1.0,1.0,0.0,3.0,4.0,0.0,2.0,1.0,0.0,0.0,0.0,0.0,0.0,0.0,0.0,0.0,0.0,0.0,0.0
124526,Giay,PAL,Lateral,7.32,-0.15,4.84,22,2.75,4.0,35.0,24.0,1.0,4.0,32.0,9.0,0.0,1.0,0.0,0.0,0.0,0.0,0.0,0.0,0.0,0.0,0.0,0.0,0.0
73318,Daniel Borges,MIR,Lateral,5.14,0.0,3.84,5,1.93,1.0,6.0,3.0,1.0,3.0,7.0,1.0,0.0,0.0,0.0,0.0,0.0,0.0,0.0,0.0,0.0,0.0,0.0,0.0,0.0
79066,Alex Muralha,MIR,Goleiro,4.99,0.22,4.35,2,1.87,1.0,0.0,0.0,0.0,0.0,0.0,0.0,0.0,0.0,0.0,0.0,0.0,0.0,0.0,0.0,9.0,3.0,0.0,0.0,0.0
93790,Marlon Freitas,PAL,Meia,5.49,0.0,2.5,25,2.06,6.0,29.0,26.0,1.0,12.0,2.0,0.0,2.0,1.0,1.0,0.0,0.0,0.0,0.0,0.0,0.0,0.0,0.0,0.0,0.0
78855,Thiago Santos,CFC,Zagueiro,4.3,0.0,3.24,18,1.61,7.0,23.0,23.0,2.0,3.0,16.0,5.0,0.0,0.0,0.0,0.0,0.0,0.0,0.0,0.0,0.0,0.0,0.0,0.0,0.0
82775,Lucas Ramon,SAO,Lateral,10.86,0.0,4.98,19,4.07,2.0,33.0,17.0,4.0,6.0,26.0,4.0,0.0,3.0,2.0,0.0,0.0,0.0,0.0,1.0,0.0,0.0,1.0,0.0,0.0
104811,Sebastián Gómez,CFC,Meia,4.75,0.0,2.88,22,1.78,3.0,33.0,30.0,4.0,7.0,21.0,0.0,0.0,0.0,1.0,0.0,0.0,0.0,0.0,0.0,0.0,0.0,0.0,0.0,0.0
87742,Neto Moura,MIR,Meia,3.88,0.0,1.76,14,1.46,6.0,16.0,13.0,2.0,7.0,5.0,0.0,0.0,0.0,0.0,0.0,0.0,0.0,0.0,0.0,0.0,0.0,0.0,0.0,0.0
92811,Bruno Rodrigues,CRU,Atacante,4.72,0.0,2.4,15,1.77,0.0,7.0,8.0,2.0,2.0,13.0,0.0,1.0,6.0,2.0,0.0,0.0,0.0,0.0,0.0,0.0,0.0,0.0,0.0,0.0
133679,Benedetti,PAL,Zagueiro,5.42,0.0,4.85,2,2.03,0.0,0.0,1.0,0.0,0.0,0.0,2.0,0.0,0.0,0.0,0.0,0.0,0.0,0.0,0.0,0.0,0.0,0.0,0.0,0.0
111832,Jefté,PAL,Lateral,4.16,0.0,2.47,7,1.56,1.0,3.0,5.0,0.0,0.0,1.0,2.0,0.0,2.0,1.0,0.0,0.0,0.0,0.0,0.0,0.0,0.0,0.0,0.0,0.0
97321,Alesson,MIR,Atacante,8.05,-0.44,4.54,22,3.02,2.0,34.0,21.0,13.0,10.0,33.0,0.0,0.0,9.0,3.0,0.0,0.0,0.0,0.0,0.0,0.0,0.0,1.0,0.0,0.0
136156,Larson,PAL,Meia,1.34,-0.35,0.05,6,0.5,1.0,0.0,4.0,1.0,1.0,1.0,0.0,0.0,0.0,0.0,0.0,0.0,0.0,0.0,0.0,0.0,0.0,0.0,0.0,0.0
112863,Ramón Sosa,PAL,Atacante,5.87,0.0,3.31,19,2.2,3.0,4.0,18.0,3.0,8.0,22.0,0.0,4.0,9.0,2.0,0.0,0.0,0.0,0.0,0.0,0.0,0.0,1.0,0.0,0.0
72279,Thomazella,MIR,Goleiro,0.83,0.0,-1.35,2,0.31,0.0,0.0,0.0,0.0,0.0,0.0,0.0,0.0,0.0,0.0,0.0,0.0,0.0,0.0,0.0,1.0,4.0,0.0,0.0,0.0
97460,João Victor,MIR,Zagueiro,5.05,0.0,2.87,23,1.89,2.0,26.0,11.0,3.0,3.0,7.0,1.0,2.0,2.0,1.0,0.0,0.0,1.0,0.0,0.0,0.0,0.0,0.0,0.0,0.0
104027,Rafael Guanaes,MIR,Técnico,7.49,-0.1,4.37,24,2.81,0.0,0.0,0.0,0.0,0.0,0.0,0.0,0.0,0.0,0.0,0.0,6.0,0.0,0.0,0.0,0.0,0.0,0.0,0.0,0.0
78478,Willian Arão,SAN,Meia,6.21,0.9,3.42,19,2.33,2.0,36.0,10.0,1.0,2.0,5.0,0.0,1.0,2.0,0.0,0.0,0.0,0.0,0.0,0.0,0.0,0.0,1.0,0.0,0.0
81005,André Luis,MIR,Atacante,3.17,0.26,1.01,13,1.19,2.0,1.0,6.0,0.0,2.0,12.0,0.0,1.0,1.0,0.0,0.0,0.0,0.0,0.0,0.0,0.0,0.0,0.0,0.0,0.0
83257,Gabriel,SAN,Atacante,10.57,0.0,5.28,17,3.96,5.0,4.0,6.0,2.0,17.0,7.0,0.0,8.0,12.0,2.0,1.0,0.0,0.0,0.0,1.0,0.0,0.0,0.0,0.0,0.0
90917,Carlos Eduardo,MIR,Atacante,4.72,0.0,2.82,14,1.77,1.0,9.0,9.0,2.0,7.0,16.0,0.0,1.0,5.0,1.0,1.0,0.0,0.0,0.0,0.0,0.0,0.0,0.0,0.0,0.0
98384,Negueba,MIR,Atacante,8.57,0.0,5.23,8,3.21,4.0,15.0,5.0,3.0,6.0,17.0,0.0,1.0,0.0,0.0,0.0,0.0,0.0,0.0,0.0,0.0,0.0,0.0,0.0,0.0
84042,Tiquinho Soares,BOT,Atacante,4.69,-0.59,1.5,8,1.76,1.0,3.0,6.0,3.0,5.0,6.0,0.0,0.0,3.0,0.0,0.0,0.0,0.0,0.0,0.0,0.0,0.0,0.0,0.0,0.0
84847,Luan Peres,SAN,Zagueiro,5.3,0.19,3.31,19,1.99,2.0,21.0,21.0,0.0,2.0,16.0,5.0,1.0,0.0,0.0,0.0,0.0,0.0,0.0,1.0,0.0,0.0,0.0,0.0,0.0
95466,Igor Vinícius,SAN,Lateral,9.65,-0.57,6.39,18,3.62,4.0,53.0,21.0,2.0,0.0,17.0,6.0,0.0,0.0,1.0,0.0,0.0,0.0,0.0,0.0,0.0,0.0,0.0,0.0,0.0
105903,Aldo Filho,MIR,Meia,3.8,0.0,2.09,15,1.42,7.0,18.0,20.0,3.0,6.0,8.0,0.0,0.0,1.0,1.0,0.0,0.0,0.0,0.0,0.0,0.0,0.0,0.0,0.0,0.0
101708,Felipe Jonatan,CFC,Lateral,4.31,0.0,2.08,17,1.62,0.0,10.0,5.0,2.0,2.0,6.0,3.0,0.0,1.0,0.0,0.0,0.0,0.0,0.0,0.0,0.0,0.0,0.0,0.0,0.0
97520,Shaylon,MIR,Meia,4.35,0.83,1.8,17,1.63,2.0,12.0,15.0,2.0,2.0,4.0,0.0,1.0,0.0,1.0,0.0,0.0,0.0,0.0,0.0,0.0,0.0,0.0,0.0,0.0
87470,Thaciano,SAN,Meia,5.57,0.05,2.13,16,2.09,1.0,7.0,3.0,2.0,5.0,7.0,0.0,2.0,5.0,0.0,0.0,0.0,0.0,0.0,0.0,0.0,0.0,0.0,0.0,0.0
102975,Escobar,SAN,Lateral,10.06,0.0,6.61,18,3.77,6.0,54.0,18.0,1.0,4.0,16.0,6.0,0.0,1.0,1.0,0.0,0.0,0.0,1.0,0.0,0.0,0.0,1.0,0.0,0.0
102256,Rollheiser,SAN,Meia,7.66,1.33,3.58,20,2.87,2.0,12.0,11.0,4.0,9.0,10.0,0.0,4.0,1.0,2.0,0.0,0.0,0.0,0.0,0.0,0.0,0.0,0.0,0.0,0.0
117403,Renato Marques,CFC,Atacante,2.73,0.0,0.74,7,1.02,0.0,0.0,3.0,1.0,3.0,5.0,0.0,0.0,0.0,0.0,0.0,0.0,0.0,0.0,1.0,0.0,0.0,1.0,0.0,0.0
113690,Diógenes,SAN,Goleiro,5.0,0.0,5.55,2,1.88,1.0,0.0,0.0,0.0,0.0,0.0,1.0,0.0,0.0,0.0,0.0,0.0,0.0,0.0,0.0,7.0,2.0,0.0,0.0,0.0
141754,Gabriel Bontempo,SAN,Meia,5.55,0.26,3.82,21,2.08,2.0,34.0,10.0,3.0,9.0,25.0,0.0,0.0,0.0,2.0,1.0,0.0,0.0,0.0,0.0,0.0,0.0,0.0,0.0,0.0
80570,Wendell,SAO,Lateral,8.27,-0.39,4.28,18,3.1,4.0,30.0,38.0,2.0,4.0,14.0,4.0,0.0,2.0,3.0,0.0,0.0,0.0,0.0,0.0,0.0,0.0,0.0,0.0,0.0
104204,Edson Carioca,MIR,Atacante,6.38,2.24,3.02,15,2.39,5.0,15.0,15.0,2.0,9.0,8.0,0.0,2.0,1.0,0.0,0.0,0.0,0.0,0.0,0.0,0.0,0.0,1.0,0.0,0.0
77777,João Schmidt,SAN,Meia,4.96,0.93,2.08,14,1.86,2.0,20.0,20.0,1.0,5.0,4.0,0.0,0.0,0.0,0.0,0.0,0.0,0.0,0.0,0.0,0.0,0.0,0.0,0.0,0.0
85403,Danielzinho,SAO,Meia,6.1,-0.17,2.5,23,2.29,2.0,20.0,20.0,1.0,4.0,34.0,0.0,1.0,0.0,1.0,1.0,0.0,0.0,0.0,0.0,0.0,0.0,0.0,0.0,0.0
89840,Calleri,SAO,Atacante,10.92,0.0,5.02,22,4.09,5.0,15.0,35.0,7.0,19.0,41.0,0.0,7.0,7.0,1.0,0.0,0.0,0.0,1.0,0.0,0.0,0.0,0.0,0.0,0.0
91573,Arboleda,SAO,Zagueiro,8.7,-0.17,3.99,13,3.26,1.0,23.0,7.0,2.0,1.0,5.0,3.0,0.0,2.0,0.0,0.0,0.0,0.0,0.0,0.0,0.0,0.0,0.0,0.0,0.0
91866,Zé Ivaldo,REM,Zagueiro,5.52,-0.15,2.49,9,2.07,3.0,11.0,3.0,3.0,4.0,4.0,1.0,0.0,0.0,0.0,0.0,0.0,1.0,1.0,0.0,0.0,0.0,0.0,0.0,0.0
104075,Sabino,SAO,Zagueiro,7.26,0.0,3.79,19,2.72,1.0,26.0,24.0,1.0,3.0,13.0,4.0,1.0,0.0,0.0,0.0,0.0,0.0,0.0,0.0,0.0,0.0,1.0,0.0,0.0
141868,Vini Lira,SAN,Lateral,3.79,0.0,2.42,4,1.42,1.0,7.0,6.0,1.0,1.0,0.0,0.0,0.0,0.0,0.0,0.0,0.0,0.0,0.0,0.0,0.0,0.0,0.0,0.0,0.0
63008,Rafael Tolói,SAO,Zagueiro,7.74,0.82,4.49,7,2.9,3.0,15.0,8.0,1.0,2.0,3.0,2.0,0.0,0.0,0.0,0.0,0.0,0.0,0.0,0.0,0.0,0.0,0.0,0.0,0.0
106028,Coronel,SAO,Goleiro,6.15,1.15,4.5,1,2.31,0.0,0.0,0.0,0.0,0.0,0.0,0.0,0.0,0.0,0.0,0.0,0.0,0.0,0.0,0.0,5.0,2.0,0.0,0.0,0.0
106294,Marcos Antônio,SAO,Meia,7.1,0.0,3.06,19,2.66,1.0,22.0,14.0,4.0,8.0,18.0,0.0,0.0,2.0,2.0,0.0,0.0,0.0,0.0,0.0,0.0,0.0,0.0,0.0,0.0
101290,Ferreira,SAO,Atacante,7.6,1.28,3.76,21,2.85,2.0,17.0,6.0,5.0,9.0,24.0,0.0,4.0,0.0,0.0,0.0,0.0,0.0,0.0,0.0,0.0,0.0,0.0,0.0,0.0
118775,Lautaro Díaz,SAN,Atacante,5.26,0.0,2.28,8,1.97,0.0,2.0,2.0,1.0,4.0,1.0,0.0,1.0,0.0,0.0,0.0,0.0,0.0,0.0,0.0,0.0,0.0,1.0,0.0,0.0
81845,Alisson,FLU,Meia,3.52,0.0,0.96,8,1.32,3.0,3.0,5.0,1.0,0.0,5.0,0.0,0.0,0.0,1.0,0.0,0.0,0.0,1.0,0.0,0.0,0.0,0.0,0.0,0.0
70164,Lucas Moura,SAO,Meia,7.5,0.0,2.32,8,2.81,0.0,0.0,5.0,2.0,2.0,6.0,0.0,1.0,0.0,1.0,0.0,0.0,0.0,0.0,0.0,0.0,0.0,0.0,0.0,0.0
77656,Cédric Soares,SAO,Lateral,3.73,0.0,0.94,8,1.4,1.0,5.0,2.0,0.0,2.0,0.0,0.0,0.0,0.0,0.0,0.0,0.0,0.0,0.0,0.0,0.0,0.0,0.0,0.0,0.0
72391,Fernando Diniz,COR,Técnico,8.83,-0.1,5.37,20,3.31,0.0,0.0,0.0,0.0,0.0,0.0,0.0,0.0,0.0,0.0,0.0,6.0,0.0,0.0,0.0,0.0,0.0,0.0,0.0,0.0
71123,Thiago Mendes,VAS,Meia,8.25,0.86,4.34,22,3.09,8.0,18.0,17.0,5.0,8.0,48.0,0.0,5.0,1.0,1.0,0.0,0.0,0.0,0.0,0.0,0.0,0.0,0.0,0.0,0.0
125803,Pedro Morisco,CFC,Goleiro,7.83,0.0,4.55,10,2.94,1.0,0.0,0.0,0.0,0.0,3.0,0.0,0.0,0.0,0.0,0.0,0.0,0.0,1.0,0.0,40.0,13.0,0.0,0.0,1.0
107873,Bobadilla,SAO,Meia,8.06,0.0,3.94,16,3.02,3.0,31.0,20.0,6.0,3.0,6.0,0.0,0.0,1.0,2.0,0.0,0.0,0.0,0.0,0.0,0.0,0.0,1.0,0.0,0.0
117818,Young,SAO,Goleiro,3.0,0.0,0.0,0,1.12,0.0,0.0,0.0,0.0,0.0,0.0,0.0,0.0,0.0,0.0,0.0,0.0,0.0,0.0,0.0,0.0,0.0,0.0,0.0,0.0
93716,Paulo Henrique,VAS,Lateral,7.07,-0.2,3.01,18,2.65,5.0,24.0,20.0,1.0,4.0,22.0,1.0,0.0,1.0,2.0,0.0,0.0,0.0,1.0,0.0,0.0,0.0,0.0,0.0,0.0
141609,Lucca,SAO,Atacante,2.05,0.0,0.23,4,0.77,0.0,1.0,2.0,0.0,0.0,0.0,0.0,0.0,0.0,0.0,0.0,0.0,0.0,0.0,0.0,0.0,0.0,0.0,0.0,0.0
95936,Daniel Fuzato,VAS,Goleiro,1.59,0.0,-1.0,0,0.6,1.0,0.0,0.0,0.0,0.0,0.0,0.0,0.0,0.0,0.0,0.0,0.0,0.0,0.0,0.0,0.0,0.0,0.0,0.0,0.0
118563,Rodriguinho,RBB,Meia,6.13,0.0,3.64,14,2.3,3.0,16.0,17.0,3.0,10.0,7.0,0.0,2.0,1.0,0.0,1.0,0.0,0.0,0.0,0.0,0.0,0.0,1.0,0.0,0.0
131617,André Silva,SAO,Atacante,3.73,0.26,0.53,15,1.4,5.0,2.0,12.0,5.0,3.0,10.0,0.0,0.0,0.0,0.0,0.0,0.0,0.0,0.0,0.0,0.0,0.0,0.0,0.0,0.0
113359,Pablo Maia,SAO,Meia,4.44,0.36,1.85,18,1.67,3.0,14.0,28.0,1.0,10.0,13.0,0.0,1.0,0.0,0.0,0.0,0.0,0.0,0.0,0.0,0.0,0.0,0.0,0.0,0.0
97095,Carlos Cuesta,VAS,Zagueiro,4.47,-0.18,1.51,15,1.68,1.0,9.0,21.0,0.0,3.0,6.0,2.0,0.0,0.0,1.0,0.0,0.0,1.0,1.0,1.0,0.0,0.0,1.0,0.0,0.0
116706,Andrés Gómez,VAS,Atacante,11.8,0.19,6.88,22,4.43,8.0,41.0,28.0,14.0,28.0,33.0,0.0,4.0,5.0,2.0,0.0,0.0,0.0,0.0,0.0,0.0,0.0,3.0,0.0,0.0
111682,Adson,VAS,Meia,6.21,0.42,3.49,14,2.33,1.0,20.0,7.0,7.0,10.0,11.0,0.0,0.0,0.0,0.0,0.0,0.0,0.0,0.0,0.0,0.0,0.0,0.0,0.0,0.0
105584,Lucas Piton,VAS,Lateral,4.81,-0.74,2.34,18,1.8,0.0,17.0,14.0,4.0,5.0,4.0,1.0,0.0,1.0,1.0,0.0,0.0,0.0,0.0,0.0,0.0,0.0,0.0,0.0,0.0
99213,Puma Rodríguez,VAS,Lateral,6.92,-0.17,4.16,17,2.59,3.0,12.0,5.0,6.0,7.0,1.0,1.0,2.0,1.0,4.0,0.0,0.0,0.0,0.0,0.0,0.0,0.0,1.0,0.0,0.0
81091,Jair,VAS,Meia,5.81,-0.56,2.47,4,2.18,0.0,6.0,2.0,0.0,0.0,3.0,0.0,0.0,0.0,0.0,0.0,0.0,0.0,0.0,0.0,0.0,0.0,0.0,0.0,0.0
140542,Ryan Francisco,SAO,Atacante,4.35,0.0,-0.3,1,1.63,0.0,0.0,1.0,0.0,0.0,0.0,0.0,0.0,0.0,0.0,0.0,0.0,0.0,0.0,0.0,0.0,0.0,0.0,0.0,0.0
117330,Robert Renan,VAS,Zagueiro,5.62,0.49,2.84,24,2.11,4.0,36.0,23.0,1.0,5.0,4.0,2.0,1.0,0.0,0.0,0.0,0.0,0.0,0.0,0.0,0.0,0.0,0.0,0.0,0.0
86410,Victor Luis,MIR,Lateral,3.65,0.0,1.2,7,1.37,2.0,4.0,7.0,0.0,2.0,2.0,1.0,0.0,1.0,0.0,0.0,0.0,0.0,1.0,0.0,0.0,0.0,0.0,0.0,0.0
86686,Tchê Tchê,VAS,Meia,4.97,0.29,2.95,19,1.86,3.0,20.0,17.0,5.0,6.0,15.0,0.0,2.0,1.0,0.0,0.0,0.0,0.0,0.0,0.0,0.0,0.0,0.0,0.0,0.0
92180,Jair Ventura,VIT,Técnico,8.69,-0.41,5.29,24,3.26,0.0,0.0,0.0,0.0,0.0,0.0,0.0,0.0,0.0,0.0,0.0,8.0,0.0,0.0,0.0,0.0,0.0,0.0,0.0,0.0
90309,David,VAS,Atacante,4.93,0.0,2.17,20,1.85,0.0,4.0,14.0,4.0,6.0,8.0,0.0,3.0,12.0,1.0,0.0,0.0,0.0,0.0,0.0,0.0,0.0,0.0,0.0,0.0
90703,Matheuzinho,VIT,Meia,5.74,0.0,3.32,22,2.15,3.0,12.0,11.0,13.0,12.0,29.0,0.0,2.0,2.0,1.0,1.0,0.0,0.0,0.0,0.0,0.0,0.0,0.0,0.0,0.0
90588,Caíque,VIT,Meia,4.66,-0.27,2.6,20,1.75,5.0,33.0,21.0,1.0,2.0,24.0,0.0,0.0,0.0,0.0,0.0,0.0,0.0,1.0,0.0,0.0,0.0,0.0,0.0,0.0
122485,Barros,VAS,Meia,8.61,0.0,4.64,18,3.23,5.0,32.0,31.0,0.0,10.0,44.0,0.0,3.0,0.0,0.0,0.0,0.0,0.0,1.0,1.0,0.0,0.0,0.0,0.0,0.0
104118,Lucas Arcanjo,VIT,Goleiro,9.9,-0.47,6.03,21,3.71,1.0,0.0,0.0,0.0,0.0,2.0,7.0,0.0,0.0,1.0,0.0,0.0,0.0,1.0,0.0,79.0,29.0,0.0,0.0,2.0
118752,Mateus Carvalho,VAS,Meia,4.0,0.0,0.0,0,1.5,0.0,0.0,0.0,0.0,0.0,0.0,0.0,0.0,0.0,0.0,0.0,0.0,0.0,0.0,0.0,0.0,0.0,0.0,0.0,0.0
42222,Osvaldo,VIT,Atacante,4.07,0.0,0.4,2,1.53,0.0,0.0,0.0,0.0,1.0,0.0,0.0,0.0,0.0,0.0,0.0,0.0,0.0,0.0,0.0,0.0,0.0,0.0,0.0,0.0
115141,Lucas Freitas,VAS,Zagueiro,6.03,0.0,4.67,3,2.26,0.0,0.0,1.0,0.0,1.0,1.0,1.0,1.0,0.0,0.0,0.0,0.0,0.0,0.0,0.0,0.0,0.0,0.0,0.0,0.0
92696,Renato Kayzer,VIT,Atacante,6.01,-0.19,2.77,16,2.25,2.0,7.0,16.0,3.0,5.0,10.0,0.0,3.0,11.0,1.0,0.0,0.0,0.0,0.0,0.0,0.0,0.0,0.0,0.0,0.0
142279,Nuno Moreira,VAS,Meia,5.2,0.0,2.06,18,1.95,3.0,11.0,12.0,4.0,7.0,8.0,0.0,1.0,1.0,1.0,0.0,0.0,0.0,0.0,0.0,0.0,0.0,0.0,0.0,0.0
97645,Thiago Couto,VIT,Goleiro,3.0,0.0,0.0,0,1.12,0.0,0.0,0.0,0.0,0.0,0.0,0.0,0.0,0.0,0.0,0.0,0.0,0.0,0.0,0.0,0.0,0.0,0.0,0.0,0.0
116461,Jamerson,VIT,Lateral,7.73,0.56,4.78,13,2.9,1.0,20.0,4.0,2.0,3.0,9.0,5.0,0.0,0.0,0.0,0.0,0.0,0.0,0.0,0.0,0.0,0.0,0.0,0.0,0.0
101597,Ramon,VIT,Lateral,8.07,0.0,4.81,17,3.03,4.0,23.0,26.0,3.0,5.0,11.0,6.0,2.0,0.0,0.0,0.0,0.0,0.0,0.0,0.0,0.0,0.0,0.0,0.0,0.0
111879,Mateus Silva,VIT,Lateral,7.44,-0.22,6.0,6,2.79,1.0,12.0,2.0,0.0,2.0,6.0,2.0,0.0,0.0,1.0,0.0,0.0,0.0,0.0,0.0,0.0,0.0,0.0,0.0,0.0
96793,Camutanga,VIT,Zagueiro,6.71,0.0,3.95,7,2.52,0.0,8.0,2.0,1.0,2.0,3.0,3.0,0.0,0.0,0.0,0.0,0.0,1.0,0.0,0.0,0.0,0.0,0.0,0.0,0.0
99440,Baralhas,VIT,Meia,9.25,0.0,5.24,15,3.47,4.0,31.0,26.0,1.0,9.0,19.0,0.0,2.0,0.0,2.0,0.0,0.0,0.0,0.0,0.0,0.0,0.0,0.0,0.0,0.0
92273,Odair Hellmann,CAP,Técnico,8.82,0.0,5.92,24,3.31,0.0,0.0,0.0,0.0,0.0,0.0,0.0,0.0,0.0,0.0,0.0,12.0,0.0,0.0,0.0,0.0,0.0,0.0,0.0,0.0
104330,Dudu,VIT,Meia,5.01,0.0,3.95,2,1.88,0.0,0.0,2.0,0.0,0.0,1.0,0.0,1.0,0.0,0.0,0.0,0.0,0.0,0.0,0.0,0.0,0.0,0.0,0.0,0.0
110668,Esquivel,CAP,Lateral,6.9,0.0,4.67,15,2.59,1.0,20.0,28.0,1.0,6.0,13.0,5.0,0.0,0.0,3.0,0.0,0.0,0.0,0.0,1.0,0.0,0.0,0.0,0.0,0.0
113113,Benavídez,CAP,Lateral,9.33,0.0,5.4,19,3.5,6.0,22.0,15.0,3.0,4.0,21.0,7.0,1.0,2.0,4.0,0.0,0.0,0.0,0.0,0.0,0.0,0.0,0.0,0.0,0.0
90031,Mendoza,CAP,Atacante,7.47,0.0,4.19,24,2.8,0.0,18.0,11.0,5.0,13.0,13.0,0.0,5.0,3.0,1.0,0.0,0.0,0.0,0.0,0.0,0.0,0.0,3.0,0.0,0.0
130620,Edenílson,VIT,Meia,2.96,-0.26,1.42,11,1.11,2.0,15.0,8.0,0.0,0.0,1.0,0.0,0.0,0.0,0.0,0.0,0.0,0.0,0.0,1.0,0.0,0.0,0.0,0.0,0.0
145387,Rúben Ismael,VIT,Meia,4.0,0.0,0.0,0,1.5,0.0,0.0,0.0,0.0,0.0,0.0,0.0,0.0,0.0,0.0,0.0,0.0,0.0,0.0,0.0,0.0,0.0,0.0,0.0,0.0
85626,Léo,CAP,Zagueiro,6.77,0.0,4.9,2,2.54,0.0,4.0,4.0,0.0,0.0,0.0,1.0,0.0,0.0,0.0,0.0,0.0,0.0,0.0,0.0,0.0,0.0,0.0,0.0,0.0
80129,Jadson,CAP,Meia,5.15,0.0,3.67,19,1.93,5.0,42.0,22.0,2.0,1.0,20.0,0.0,0.0,0.0,1.0,0.0,0.0,0.0,0.0,0.0,0.0,0.0,0.0,0.0,0.0
123869,Aguirre,CAP,Zagueiro,5.1,0.0,3.42,21,1.91,2.0,22.0,27.0,5.0,3.0,5.0,7.0,0.0,1.0,0.0,0.0,0.0,0.0,0.0,0.0,0.0,0.0,1.0,0.0,0.0
107985,Terán,CAP,Zagueiro,6.98,0.0,4.09,13,2.62,0.0,15.0,10.0,3.0,2.0,7.0,5.0,0.0,0.0,0.0,0.0,0.0,0.0,0.0,0.0,0.0,0.0,0.0,0.0,0.0
105518,Renan Peixoto,CAP,Atacante,2.67,0.0,0.8,9,1.0,0.0,1.0,4.0,1.0,1.0,4.0,0.0,0.0,1.0,0.0,0.0,0.0,0.0,0.0,0.0,0.0,0.0,1.0,0.0,0.0
126977,Fernando Seabra,CFC,Técnico,7.84,0.0,5.19,26,2.94,0.0,0.0,0.0,0.0,0.0,0.0,0.0,0.0,0.0,0.0,0.0,10.0,0.0,0.0,0.0,0.0,0.0,0.0,0.0,0.0
123101,Leozinho,CAP,Atacante,5.81,0.0,5.18,13,2.18,1.0,13.0,7.0,4.0,9.0,8.0,0.0,4.0,0.0,0.0,0.0,0.0,0.0,0.0,0.0,0.0,0.0,1.0,0.0,0.0
110698,Mycael,CAP,Goleiro,7.67,0.0,6.1,2,2.88,2.0,0.0,0.0,0.0,0.0,0.0,1.0,0.0,0.0,0.0,0.0,0.0,0.0,1.0,0.0,4.0,3.0,0.0,0.0,1.0
128431,João Cruz,CAP,Meia,6.55,0.0,4.18,19,2.46,1.0,17.0,12.0,7.0,12.0,9.0,0.0,2.0,2.0,4.0,0.0,0.0,0.0,0.0,0.0,0.0,0.0,0.0,0.0,0.0
112017,Felipinho,CAP,Meia,4.79,0.0,2.99,8,1.8,2.0,16.0,8.0,0.0,1.0,1.0,0.0,0.0,0.0,0.0,0.0,0.0,0.0,0.0,0.0,0.0,0.0,1.0,0.0,0.0
143193,Viveros,CAP,Atacante,12.78,0.0,8.96,23,4.79,4.0,3.0,53.0,24.0,18.0,71.0,0.0,15.0,21.0,3.0,4.0,0.0,0.0,0.0,0.0,0.0,0.0,2.0,0.0,0.0
122316,Batata,CAP,Lateral,1.0,0.0,0.0,0,0.38,0.0,0.0,0.0,0.0,0.0,0.0,0.0,0.0,0.0,0.0,0.0,0.0,0.0,0.0,0.0,0.0,0.0,0.0,0.0,0.0
120433,Léo Derik,CAP,Lateral,5.81,0.0,3.65,9,2.18,0.0,11.0,1.0,1.0,0.0,1.0,3.0,0.0,0.0,0.0,0.0,0.0,0.0,0.0,0.0,0.0,0.0,0.0,0.0,0.0
115266,Renan Viana,CAP,Atacante,2.0,0.0,0.0,0,0.75,0.0,0.0,0.0,0.0,0.0,0.0,0.0,0.0,0.0,0.0,0.0,0.0,0.0,0.0,0.0,0.0,0.0,0.0,0.0,0.0
125926,Zapelli,CAP,Meia,4.21,0.0,1.38,16,1.58,4.0,11.0,8.0,2.0,5.0,7.0,0.0,0.0,0.0,1.0,0.0,0.0,0.0,0.0,1.0,0.0,0.0,0.0,0.0,0.0
125746,Dudu,CAP,Meia,2.21,0.0,1.55,16,0.83,0.0,9.0,7.0,1.0,2.0,5.0,0.0,1.0,0.0,0.0,0.0,0.0,0.0,0.0,0.0,0.0,0.0,0.0,0.0,0.0
84626,Josué,CFC,Meia,5.65,0.0,4.01,23,2.12,2.0,10.0,21.0,7.0,9.0,34.0,0.0,1.0,0.0,9.0,0.0,0.0,0.0,0.0,1.0,0.0,0.0,1.0,0.0,0.0
128427,Alejandro García,CAP,Meia,4.0,0.0,0.0,0,1.5,0.0,0.0,0.0,0.0,0.0,0.0,0.0,0.0,0.0,0.0,0.0,0.0,0.0,0.0,0.0,0.0,0.0,0.0,0.0,0.0
130842,Matheus Soares,CAP,Goleiro,1.0,0.0,0.0,0,0.38,0.0,0.0,0.0,0.0,0.0,0.0,0.0,0.0,0.0,0.0,0.0,0.0,0.0,0.0,0.0,0.0,0.0,0.0,0.0,0.0
131832,Portilla,CAP,Meia,3.35,0.0,1.42,17,1.26,4.0,15.0,20.0,1.0,5.0,13.0,0.0,0.0,0.0,0.0,0.0,0.0,0.0,0.0,0.0,0.0,0.0,0.0,0.0,0.0
101405,Wallisson,MIR,Meia,4.96,-0.65,2.7,17,1.86,4.0,32.0,23.0,0.0,5.0,16.0,0.0,0.0,1.0,0.0,0.0,0.0,0.0,0.0,1.0,0.0,0.0,0.0,0.0,0.0
143532,Carlos Eduardo,CAP,Goleiro,1.0,0.0,0.0,0,0.38,0.0,0.0,0.0,0.0,0.0,0.0,0.0,0.0,0.0,0.0,0.0,0.0,0.0,0.0,0.0,0.0,0.0,0.0,0.0,0.0
145609,Élan Ricardo,CAP,Meia,3.0,0.0,0.0,0,1.12,0.0,0.0,0.0,0.0,0.0,0.0,0.0,0.0,0.0,0.0,0.0,0.0,0.0,0.0,0.0,0.0,0.0,0.0,0.0,0.0
63354,Rodrigo Moledo,CFC,Zagueiro,6.22,0.0,4.14,5,2.33,0.0,3.0,1.0,1.0,1.0,3.0,1.0,1.0,0.0,0.0,0.0,0.0,0.0,0.0,0.0,0.0,0.0,0.0,0.0,0.0
84339,Bruno Melo,CFC,Lateral,5.07,0.0,3.06,24,1.9,2.0,18.0,10.0,0.0,7.0,12.0,6.0,1.0,3.0,1.0,0.0,0.0,0.0,0.0,1.0,0.0,0.0,0.0,0.0,0.0
71227,Maicon,CFC,Zagueiro,3.7,0.0,1.79,15,1.39,0.0,7.0,5.0,0.0,0.0,4.0,4.0,0.0,1.0,0.0,0.0,0.0,0.0,1.0,1.0,0.0,0.0,0.0,0.0,0.0
82628,Tinga,CFC,Lateral,5.53,0.0,3.59,16,2.07,0.0,20.0,3.0,1.0,2.0,11.0,2.0,0.0,0.0,2.0,0.0,0.0,0.0,0.0,0.0,0.0,0.0,0.0,0.0,0.0
97878,Jacy,CFC,Zagueiro,5.43,0.0,3.99,23,2.04,2.0,38.0,16.0,0.0,8.0,21.0,4.0,1.0,1.0,0.0,0.0,0.0,0.0,0.0,1.0,0.0,0.0,0.0,0.0,0.0
90302,Pedro Rocha,CFC,Atacante,8.88,0.0,4.82,25,3.33,1.0,10.0,25.0,13.0,22.0,26.0,0.0,8.0,11.0,1.0,0.0,0.0,0.0,0.0,1.0,0.0,0.0,1.0,0.0,0.0
105300,Ferraresi,BOT,Zagueiro,6.53,-0.56,3.61,21,2.45,5.0,37.0,24.0,2.0,5.0,13.0,3.0,1.0,2.0,0.0,0.0,0.0,1.0,0.0,0.0,0.0,0.0,0.0,0.0,0.0
110708,Pedro Rangel,CFC,Goleiro,7.48,0.0,4.67,17,2.81,1.0,1.0,0.0,0.0,0.0,4.0,6.0,0.0,0.0,0.0,0.0,0.0,0.0,0.0,0.0,53.0,22.0,0.0,0.0,0.0
82730,Marcelo Rangel,REM,Goleiro,6.43,0.57,4.0,26,2.41,2.0,0.0,0.0,0.0,0.0,6.0,2.0,0.0,0.0,0.0,0.0,0.0,0.0,0.0,0.0,101.0,45.0,0.0,0.0,1.0
124270,Allex,INT,Meia,2.11,0.0,1.24,10,0.79,1.0,5.0,3.0,1.0,2.0,8.0,0.0,0.0,0.0,0.0,0.0,0.0,0.0,0.0,0.0,0.0,0.0,0.0,0.0,0.0
112576,Vini Paulista,CFC,Meia,4.03,0.0,2.35,23,1.51,3.0,31.0,11.0,1.0,5.0,12.0,0.0,0.0,1.0,0.0,0.0,0.0,0.0,0.0,0.0,0.0,0.0,1.0,0.0,0.0
131279,Thiago Azaf,CFC,Atacante,1.0,0.0,0.0,0,0.38,0.0,0.0,0.0,0.0,0.0,0.0,0.0,0.0,0.0,0.0,0.0,0.0,0.0,0.0,0.0,0.0,0.0,0.0,0.0,0.0
123648,Lucas Ronier,CFC,Atacante,10.77,0.0,6.7,18,4.04,3.0,36.0,19.0,7.0,16.0,50.0,0.0,1.0,1.0,3.0,0.0,0.0,0.0,0.0,0.0,0.0,0.0,2.0,0.0,0.0
117930,Lavega,CFC,Atacante,5.15,0.0,3.3,24,1.93,3.0,13.0,14.0,3.0,10.0,11.0,0.0,5.0,4.0,2.0,0.0,0.0,0.0,0.0,0.0,0.0,0.0,0.0,0.0,0.0
141337,Lucas Taverna,CFC,Lateral,2.69,0.0,1.95,4,1.01,1.0,3.0,4.0,0.0,0.0,1.0,1.0,0.0,0.0,0.0,0.0,0.0,0.0,0.0,0.0,0.0,0.0,0.0,0.0,0.0
115840,Benassi,CFC,Goleiro,1.0,0.0,0.0,0,0.38,0.0,0.0,0.0,0.0,0.0,0.0,0.0,0.0,0.0,0.0,0.0,0.0,0.0,0.0,0.0,0.0,0.0,0.0,0.0,0.0
127970,Felipe Chiqueti,CAP,Meia,2.07,0.0,1.35,7,0.78,1.0,4.0,8.0,1.0,2.0,8.0,0.0,0.0,0.0,0.0,0.0,0.0,0.0,0.0,0.0,0.0,0.0,0.0,0.0,0.0
109127,Tiago Cóser,CFC,Zagueiro,3.35,0.0,2.77,22,1.26,3.0,10.0,25.0,0.0,2.0,8.0,6.0,3.0,0.0,0.0,0.0,0.0,0.0,0.0,1.0,0.0,0.0,0.0,0.0,0.0
124834,Ruan Assis,CFC,Atacante,1.0,0.0,0.0,0,0.38,0.0,0.0,0.0,0.0,0.0,0.0,0.0,0.0,0.0,0.0,0.0,0.0,0.0,0.0,0.0,0.0,0.0,0.0,0.0,0.0
102911,Zé Ricardo,REM,Meia,4.32,-0.34,3.0,25,1.62,5.0,37.0,37.0,6.0,6.0,29.0,0.0,1.0,3.0,1.0,0.0,0.0,0.0,0.0,1.0,0.0,0.0,0.0,0.0,0.0
130283,Matheus Dias,CFC,Meia,1.0,0.0,0.0,0,0.38,0.0,0.0,0.0,0.0,0.0,0.0,0.0,0.0,0.0,0.0,0.0,0.0,0.0,0.0,0.0,0.0,0.0,0.0,0.0,0.0
83074,Ygor Vinhas,REM,Goleiro,3.0,0.0,0.0,0,1.12,0.0,0.0,0.0,0.0,0.0,0.0,0.0,0.0,0.0,0.0,0.0,0.0,0.0,0.0,0.0,0.0,0.0,0.0,0.0,0.0
68938,Giovanni Augusto,CHA,Meia,4.54,0.0,3.65,17,1.7,2.0,12.0,11.0,3.0,3.0,21.0,0.0,1.0,1.0,5.0,0.0,0.0,0.0,0.0,0.0,0.0,0.0,0.0,0.0,0.0
97795,Marcelinho,REM,Lateral,6.06,0.0,5.1,22,2.27,3.0,27.0,8.0,6.0,14.0,30.0,3.0,2.0,2.0,2.0,0.0,0.0,0.0,0.0,0.0,0.0,0.0,1.0,0.0,0.0
98224,Jáderson,REM,Meia,2.44,0.0,0.85,11,0.92,0.0,4.0,3.0,0.0,1.0,7.0,0.0,0.0,0.0,0.0,0.0,0.0,0.0,0.0,0.0,0.0,0.0,0.0,0.0,0.0
68822,Rafael Santos,CHA,Goleiro,4.94,0.0,3.75,4,1.85,0.0,0.0,0.0,0.0,0.0,0.0,0.0,0.0,0.0,0.0,0.0,0.0,0.0,0.0,0.0,20.0,11.0,0.0,0.0,0.0
101393,Eduardo Doma,CHA,Zagueiro,3.51,-0.49,2.22,23,1.32,5.0,25.0,16.0,2.0,7.0,3.0,2.0,1.0,0.0,0.0,0.0,0.0,0.0,1.0,1.0,0.0,0.0,0.0,0.0,0.0
102906,Anderson,CHA,Goleiro,5.35,-0.79,3.21,12,2.01,1.0,0.0,0.0,0.0,0.0,4.0,1.0,0.0,0.0,0.0,0.0,0.0,0.0,0.0,0.0,42.0,22.0,0.0,0.0,0.0
95332,Marcinho,CHA,Atacante,5.85,-1.47,4.28,24,2.19,2.0,22.0,16.0,6.0,12.0,20.0,0.0,5.0,4.0,2.0,0.0,0.0,0.0,0.0,0.0,0.0,0.0,0.0,0.0,0.0
71043,Léo Vieira,BAH,Goleiro,6.82,0.0,5.02,16,2.56,1.0,0.0,0.0,0.0,0.0,4.0,2.0,0.0,0.0,0.0,0.0,0.0,0.0,0.0,0.0,71.0,23.0,0.0,0.0,0.0
143455,PH Gama,REM,Meia,2.0,0.0,0.0,0,0.75,0.0,0.0,0.0,0.0,0.0,0.0,0.0,0.0,0.0,0.0,0.0,0.0,0.0,0.0,0.0,0.0,0.0,0.0,0.0,0.0
107700,Eduardo Melo,REM,Atacante,2.13,0.0,1.4,1,0.8,0.0,1.0,0.0,0.0,0.0,0.0,0.0,0.0,1.0,0.0,0.0,0.0,0.0,0.0,0.0,0.0,0.0,0.0,0.0,0.0
104257,João Lucas,REM,Lateral,4.59,0.0,2.82,6,1.72,3.0,11.0,8.0,1.0,2.0,6.0,0.0,0.0,0.0,0.0,0.0,0.0,0.0,0.0,0.0,0.0,0.0,0.0,0.0,0.0
141386,Marcos Alexandre,REM,Goleiro,1.0,0.0,0.0,0,0.38,0.0,0.0,0.0,0.0,0.0,0.0,0.0,0.0,0.0,0.0,0.0,0.0,0.0,0.0,0.0,0.0,0.0,0.0,0.0,0.0
145782,Tassano,REM,Zagueiro,3.0,0.0,0.0,0,1.12,0.0,0.0,0.0,0.0,0.0,0.0,0.0,0.0,0.0,0.0,0.0,0.0,0.0,0.0,0.0,0.0,0.0,0.0,0.0,0.0
104470,Everton,CHA,Lateral,3.89,0.47,1.93,20,1.46,4.0,12.0,15.0,2.0,7.0,18.0,2.0,0.0,0.0,1.0,0.0,0.0,0.0,0.0,1.0,0.0,0.0,0.0,0.0,0.0
111279,Mancha,CHA,Lateral,3.0,0.0,0.0,0,1.12,0.0,0.0,0.0,0.0,0.0,0.0,0.0,0.0,0.0,0.0,0.0,0.0,0.0,0.0,0.0,0.0,0.0,0.0,0.0,0.0
130806,Kauan,CHA,Zagueiro,1.74,0.71,1.25,6,0.65,1.0,4.0,4.0,1.0,0.0,1.0,1.0,0.0,0.0,0.0,0.0,0.0,1.0,0.0,0.0,0.0,0.0,0.0,0.0,0.0
141385,João Victor,REM,Goleiro,1.0,0.0,0.0,0,0.38,0.0,0.0,0.0,0.0,0.0,0.0,0.0,0.0,0.0,0.0,0.0,0.0,0.0,0.0,0.0,0.0,0.0,0.0,0.0,0.0
83048,Rafael Thyere,CHA,Zagueiro,2.75,0.0,-0.1,3,1.03,0.0,2.0,1.0,0.0,0.0,0.0,0.0,0.0,0.0,0.0,0.0,0.0,1.0,0.0,0.0,0.0,0.0,0.0,0.0,0.0
68708,Eduardo,MIR,Meia,5.74,-0.92,3.37,19,2.15,1.0,12.0,10.0,3.0,10.0,13.0,0.0,4.0,0.0,0.0,0.0,0.0,0.0,0.0,1.0,0.0,0.0,1.0,0.0,0.0
107453,João Paulo,CHA,Zagueiro,4.5,-0.3,3.13,6,1.69,3.0,6.0,11.0,0.0,2.0,3.0,0.0,1.0,0.0,1.0,0.0,0.0,0.0,0.0,0.0,0.0,0.0,0.0,0.0,0.0
97432,Victor Caetano,CHA,Zagueiro,3.16,0.0,1.48,8,1.19,3.0,11.0,7.0,0.0,0.0,1.0,0.0,0.0,1.0,0.0,0.0,0.0,0.0,0.0,0.0,0.0,0.0,0.0,0.0,0.0
130843,Arthur Dias,CAP,Zagueiro,5.75,0.0,3.52,22,2.16,5.0,29.0,20.0,0.0,4.0,14.0,7.0,0.0,1.0,0.0,0.0,0.0,0.0,0.0,0.0,0.0,0.0,0.0,0.0,0.0
104519,Camilo,CHA,Meia,5.0,-0.18,3.05,21,1.88,7.0,46.0,39.0,2.0,6.0,13.0,0.0,0.0,0.0,0.0,0.0,0.0,0.0,0.0,0.0,0.0,0.0,0.0,0.0,0.0
110426,Bernabei,INT,Lateral,9.48,-0.72,6.16,23,3.56,6.0,32.0,43.0,11.0,27.0,26.0,6.0,4.0,9.0,1.0,0.0,0.0,0.0,1.0,1.0,0.0,0.0,1.0,0.0,0.0
99552,Rossi,FLA,Goleiro,7.86,-1.07,4.88,25,2.95,0.0,0.0,0.0,0.0,0.0,2.0,11.0,0.0,0.0,0.0,0.0,0.0,0.0,0.0,0.0,67.0,21.0,0.0,0.0,0.0
89274,Andreas Pereira,PAL,Meia,11.34,-0.88,4.69,26,4.25,3.0,27.0,23.0,7.0,18.0,22.0,0.0,1.0,3.0,10.0,0.0,0.0,0.0,0.0,0.0,0.0,0.0,0.0,0.0,0.0
109336,Rafael Carvalheira,CHA,Meia,5.7,0.0,2.72,14,2.14,2.0,15.0,19.0,2.0,5.0,4.0,0.0,2.0,1.0,0.0,0.0,0.0,0.0,1.0,0.0,0.0,0.0,0.0,0.0,0.0
140438,David,CHA,Meia,1.08,0.0,0.73,8,0.41,0.0,3.0,2.0,0.0,3.0,1.0,0.0,0.0,0.0,0.0,0.0,0.0,0.0,1.0,0.0,0.0,0.0,0.0,0.0,0.0
116066,Rubens,CHA,Atacante,2.38,-0.1,1.24,10,0.89,2.0,3.0,7.0,1.0,1.0,4.0,0.0,1.0,0.0,0.0,0.0,0.0,0.0,0.0,0.0,0.0,0.0,0.0,0.0,0.0
121870,Gustavo Talles,CHA,Lateral,2.0,0.0,0.0,0,0.75,0.0,0.0,0.0,0.0,0.0,0.0,0.0,0.0,0.0,0.0,0.0,0.0,0.0,0.0,0.0,0.0,0.0,0.0,0.0,0.0
130414,Robert,CHA,Meia,3.51,0.0,3.0,1,1.32,0.0,2.0,0.0,0.0,0.0,0.0,0.0,0.0,0.0,0.0,0.0,0.0,0.0,0.0,0.0,0.0,0.0,0.0,0.0,0.0
89837,Lucho Acosta,FLU,Meia,9.76,-1.24,4.71,21,3.66,5.0,22.0,20.0,5.0,13.0,17.0,0.0,4.0,0.0,4.0,0.0,0.0,0.0,0.0,0.0,0.0,0.0,0.0,0.0,0.0
118844,Kaio César,COR,Atacante,10.35,0.52,5.87,15,3.88,2.0,25.0,12.0,7.0,5.0,36.0,0.0,2.0,1.0,2.0,0.0,0.0,0.0,0.0,0.0,0.0,0.0,0.0,0.0,0.0
78850,Reinaldo,MIR,Lateral,7.97,-0.6,3.24,21,2.99,5.0,11.0,13.0,6.0,13.0,14.0,1.0,1.0,0.0,4.0,0.0,0.0,0.0,0.0,0.0,0.0,0.0,1.0,0.0,0.0
39148,Hulk,FLU,Atacante,12.51,0.0,6.35,19,4.69,2.0,9.0,11.0,13.0,15.0,51.0,0.0,5.0,6.0,4.0,0.0,0.0,0.0,0.0,0.0,0.0,0.0,0.0,0.0,0.0
141776,Gustavo Henrique,SAN,Meia,4.03,-0.74,3.43,13,1.51,4.0,28.0,16.0,2.0,3.0,19.0,0.0,0.0,0.0,0.0,0.0,0.0,0.0,0.0,1.0,0.0,0.0,0.0,0.0,0.0
51772,Everton Ribeiro,BAH,Meia,8.0,-0.86,4.19,17,3.0,1.0,22.0,12.0,4.0,6.0,29.0,0.0,0.0,0.0,4.0,0.0,0.0,0.0,1.0,0.0,0.0,0.0,0.0,0.0,0.0
100652,Yuri Alberto,COR,Atacante,10.58,0.0,4.1,17,3.97,2.0,8.0,23.0,14.0,14.0,12.0,0.0,3.0,13.0,2.0,0.0,0.0,0.0,0.0,0.0,0.0,0.0,0.0,0.0,0.0
89368,Braithwaite,GRE,Atacante,5.31,0.0,0.48,16,1.99,0.0,3.0,9.0,1.0,2.0,7.0,0.0,0.0,4.0,0.0,0.0,0.0,0.0,0.0,0.0,0.0,0.0,0.0,0.0,0.0
115025,Miguelito,SAN,Meia,5.19,0.22,4.05,10,1.95,1.0,13.0,8.0,1.0,4.0,6.0,0.0,1.0,0.0,2.0,0.0,0.0,0.0,1.0,0.0,0.0,0.0,0.0,0.0,0.0
126471,Barreal,SAN,Meia,10.11,0.0,5.37,19,3.79,5.0,36.0,22.0,6.0,14.0,17.0,0.0,4.0,3.0,1.0,0.0,0.0,0.0,1.0,1.0,0.0,0.0,0.0,0.0,0.0
114802,Vitor Roque,PAL,Atacante,15.87,1.52,6.08,15,5.95,1.0,12.0,15.0,5.0,10.0,36.0,0.0,5.0,4.0,0.0,1.0,0.0,0.0,0.0,0.0,0.0,0.0,2.0,0.0,0.0
103445,Kaio Jorge,CRU,Atacante,10.31,-1.71,4.69,20,3.87,2.0,5.0,6.0,6.0,19.0,21.0,0.0,7.0,6.0,0.0,2.0,0.0,0.0,0.0,0.0,0.0,0.0,0.0,0.0,0.0
133673,Mateus Xavier,SAN,Atacante,2.33,0.0,1.2,1,0.87,0.0,1.0,1.0,0.0,0.0,0.0,0.0,0.0,0.0,0.0,0.0,0.0,0.0,0.0,0.0,0.0,0.0,0.0,0.0,0.0
80287,Luciano,SAO,Atacante,13.73,0.0,5.53,21,5.15,4.0,13.0,24.0,8.0,16.0,33.0,0.0,8.0,8.0,1.0,2.0,0.0,0.0,0.0,0.0,0.0,0.0,1.0,1.0,0.0
122781,Caballero,SAN,Atacante,3.75,0.0,1.97,6,1.41,0.0,2.0,5.0,1.0,4.0,4.0,0.0,0.0,1.0,0.0,1.0,0.0,0.0,0.0,0.0,0.0,0.0,1.0,0.0,0.0
146991,Rhuan Gabriel,CRU,Meia,1.39,0.0,1.2,1,0.52,0.0,0.0,1.0,0.0,0.0,3.0,0.0,0.0,0.0,0.0,0.0,0.0,0.0,0.0,0.0,0.0,0.0,0.0,0.0,0.0
142130,Marcelo Eráclito,CRU,Goleiro,1.0,0.0,0.0,0,0.38,0.0,0.0,0.0,0.0,0.0,0.0,0.0,0.0,0.0,0.0,0.0,0.0,0.0,0.0,0.0,0.0,0.0,0.0,0.0,0.0
94583,Pedro,FLA,Atacante,15.41,-0.69,8.24,25,5.78,1.0,17.0,16.0,17.0,15.0,20.0,0.0,15.0,4.0,4.0,1.0,0.0,0.0,0.0,0.0,0.0,0.0,1.0,0.0,0.0
86292,Bolasie,CHA,Atacante,3.77,-1.12,2.23,18,1.41,4.0,5.0,22.0,7.0,12.0,15.0,0.0,1.0,3.0,2.0,1.0,0.0,0.0,0.0,0.0,0.0,0.0,1.0,1.0,0.0
101908,Willian Machado,MIR,Zagueiro,4.88,-0.08,3.19,20,1.83,3.0,28.0,18.0,3.0,3.0,12.0,1.0,1.0,0.0,1.0,0.0,0.0,0.0,0.0,0.0,0.0,0.0,0.0,0.0,0.0
144423,Nicolas Pontes,CRU,Lateral,1.0,0.0,0.0,0,0.38,0.0,0.0,0.0,0.0,0.0,0.0,0.0,0.0,0.0,0.0,0.0,0.0,0.0,0.0,0.0,0.0,0.0,0.0,0.0,0.0
106104,Enamorado,GRE,Atacante,6.45,-0.18,3.18,21,2.42,3.0,21.0,16.0,3.0,9.0,28.0,0.0,0.0,2.0,3.0,0.0,0.0,0.0,0.0,0.0,0.0,0.0,1.0,0.0,0.0
94514,Lucas Oliveira,MIR,Zagueiro,4.78,-0.32,2.87,10,1.79,2.0,10.0,3.0,1.0,2.0,2.0,1.0,1.0,1.0,0.0,0.0,0.0,0.0,0.0,0.0,0.0,0.0,0.0,0.0,0.0
118655,Saldivia,VAS,Zagueiro,5.83,0.0,2.55,11,2.19,3.0,16.0,11.0,1.0,4.0,8.0,1.0,0.0,0.0,0.0,0.0,0.0,1.0,0.0,0.0,0.0,0.0,0.0,0.0,0.0
115986,Denilson,MIR,Meia,4.52,0.0,3.07,16,1.69,4.0,29.0,29.0,2.0,2.0,15.0,0.0,1.0,0.0,0.0,0.0,0.0,0.0,1.0,0.0,0.0,0.0,0.0,0.0,0.0
126120,Marcelinho,RBB,Meia,3.16,0.0,2.18,5,1.19,0.0,2.0,4.0,1.0,2.0,3.0,0.0,0.0,2.0,1.0,0.0,0.0,0.0,0.0,0.0,0.0,0.0,0.0,0.0,0.0
126182,Paulinho,INT,Meia,3.91,-0.14,1.93,20,1.47,7.0,23.0,29.0,5.0,5.0,20.0,0.0,0.0,1.0,0.0,0.0,0.0,0.0,0.0,0.0,0.0,0.0,0.0,0.0,0.0
108713,Galeano,REM,Atacante,4.45,-0.09,1.71,15,1.67,2.0,5.0,3.0,5.0,7.0,19.0,0.0,0.0,2.0,0.0,0.0,0.0,0.0,0.0,0.0,0.0,0.0,0.0,0.0,0.0
128433,Johan Rojas,VAS,Meia,3.78,0.0,1.58,16,1.42,3.0,5.0,13.0,8.0,7.0,3.0,0.0,0.0,3.0,1.0,0.0,0.0,0.0,0.0,0.0,0.0,0.0,1.0,0.0,0.0
133696,Wallace Davi,BOT,Meia,4.0,0.0,0.0,0,1.5,0.0,0.0,0.0,0.0,0.0,0.0,0.0,0.0,0.0,0.0,0.0,0.0,0.0,0.0,0.0,0.0,0.0,0.0,0.0,0.0
94154,Maycon,CAM,Meia,4.98,-0.33,2.35,15,1.87,0.0,11.0,10.0,1.0,2.0,6.0,0.0,2.0,0.0,0.0,0.0,0.0,0.0,0.0,0.0,0.0,0.0,0.0,0.0,0.0
132412,Román Gómez,BAH,Lateral,7.82,-0.53,5.01,12,2.93,2.0,24.0,15.0,0.0,7.0,10.0,4.0,0.0,0.0,0.0,0.0,0.0,0.0,0.0,0.0,0.0,0.0,0.0,0.0,0.0
141131,Vitão,CAM,Zagueiro,5.76,2.66,5.3,4,2.16,0.0,3.0,2.0,0.0,1.0,1.0,1.0,1.0,0.0,0.0,0.0,0.0,0.0,0.0,0.0,0.0,0.0,1.0,0.0,0.0
103183,Andrew,FLA,Goleiro,3.0,0.0,0.0,0,1.12,0.0,0.0,0.0,0.0,0.0,0.0,0.0,0.0,0.0,0.0,0.0,0.0,0.0,0.0,0.0,0.0,0.0,0.0,0.0,0.0
90061,Bruno Pacheco,CHA,Lateral,7.76,1.06,4.78,16,2.91,3.0,31.0,11.0,0.0,1.0,15.0,1.0,1.0,1.0,3.0,0.0,0.0,0.0,0.0,0.0,0.0,0.0,0.0,0.0,0.0
145400,Cauê,RBB,Lateral,4.23,0.0,3.47,3,1.59,1.0,4.0,4.0,0.0,2.0,0.0,1.0,0.0,0.0,0.0,0.0,0.0,0.0,0.0,0.0,0.0,0.0,0.0,0.0,0.0
130280,Phillipe Gabriel,VAS,Goleiro,1.0,0.0,0.0,0,0.38,0.0,0.0,0.0,0.0,0.0,0.0,0.0,0.0,0.0,0.0,0.0,0.0,0.0,0.0,0.0,0.0,0.0,0.0,0.0,0.0
130048,Noriega,GRE,Zagueiro,6.42,-0.42,3.65,19,2.41,4.0,25.0,30.0,3.0,4.0,20.0,3.0,1.0,0.0,1.0,0.0,0.0,0.0,0.0,0.0,0.0,0.0,0.0,0.0,0.0
147090,Kauã Pascini,CAM,Lateral,4.29,0.07,3.66,8,1.61,1.0,10.0,6.0,0.0,2.0,1.0,3.0,0.0,0.0,0.0,0.0,0.0,0.0,0.0,0.0,0.0,0.0,0.0,0.0,0.0
131516,JP Chermont,CFC,Lateral,5.05,0.0,3.58,16,1.89,1.0,16.0,11.0,4.0,1.0,6.0,3.0,0.0,0.0,3.0,0.0,0.0,0.0,1.0,0.0,0.0,0.0,0.0,0.0,0.0
70666,Marllon,REM,Zagueiro,5.18,0.0,2.57,24,1.94,4.0,27.0,13.0,0.0,3.0,13.0,2.0,1.0,0.0,1.0,0.0,0.0,1.0,0.0,0.0,0.0,0.0,0.0,0.0,0.0
83433,Patrick,REM,Meia,5.31,-0.28,3.73,23,1.99,0.0,42.0,15.0,2.0,7.0,23.0,0.0,0.0,1.0,0.0,0.0,0.0,0.0,1.0,0.0,0.0,0.0,3.0,0.0,0.0
105089,Tetê,GRE,Atacante,9.12,0.73,3.64,20,3.42,1.0,18.0,9.0,9.0,15.0,16.0,0.0,2.0,1.0,0.0,0.0,0.0,0.0,0.0,0.0,0.0,0.0,1.0,0.0,0.0
106708,Igor Formiga,MIR,Lateral,8.7,-0.82,5.5,21,3.26,2.0,48.0,32.0,3.0,11.0,7.0,0.0,3.0,0.0,3.0,0.0,0.0,0.0,0.0,0.0,0.0,0.0,0.0,0.0,0.0
100342,Léo Andrade,REM,Zagueiro,4.79,0.0,2.95,4,1.8,1.0,9.0,4.0,0.0,0.0,1.0,0.0,0.0,0.0,0.0,0.0,0.0,0.0,0.0,0.0,0.0,0.0,0.0,0.0,0.0
93988,Breno Lopes,CFC,Atacante,8.7,0.0,5.02,23,3.26,3.0,15.0,9.0,7.0,7.0,31.0,0.0,8.0,11.0,1.0,1.0,0.0,0.0,0.0,0.0,0.0,0.0,0.0,0.0,0.0
89256,Gerson,CRU,Meia,9.51,-0.1,4.73,23,3.57,4.0,45.0,25.0,7.0,8.0,47.0,0.0,0.0,5.0,3.0,0.0,0.0,0.0,0.0,0.0,0.0,0.0,0.0,0.0,0.0
69208,Gabriel Paulista,COR,Zagueiro,8.25,0.0,4.13,19,3.09,5.0,20.0,14.0,1.0,11.0,9.0,7.0,1.0,1.0,0.0,0.0,0.0,0.0,0.0,0.0,0.0,0.0,0.0,0.0,0.0
105157,Villagra,INT,Meia,5.16,0.47,1.99,20,1.94,3.0,22.0,28.0,3.0,5.0,21.0,0.0,0.0,0.0,0.0,0.0,0.0,0.0,0.0,0.0,0.0,0.0,0.0,0.0,0.0
114040,Minda,CAM,Atacante,6.94,0.0,3.58,15,2.6,0.0,6.0,2.0,4.0,5.0,7.0,0.0,2.0,2.0,2.0,1.0,0.0,0.0,0.0,0.0,0.0,0.0,2.0,0.0,0.0
116034,Victor Hugo,CAM,Meia,6.4,0.0,3.55,20,2.4,1.0,10.0,5.0,6.0,6.0,19.0,0.0,4.0,0.0,1.0,0.0,0.0,0.0,0.0,0.0,0.0,0.0,0.0,0.0,0.0
106302,Preciado,CAM,Lateral,7.65,0.0,4.38,11,2.87,4.0,17.0,19.0,1.0,4.0,16.0,3.0,0.0,0.0,1.0,0.0,0.0,0.0,0.0,0.0,0.0,0.0,0.0,0.0,0.0
141873,Jacaré,COR,Lateral,2.0,0.0,0.0,0,0.75,0.0,0.0,0.0,0.0,0.0,0.0,0.0,0.0,0.0,0.0,0.0,0.0,0.0,0.0,0.0,0.0,0.0,0.0,0.0,0.0
113125,Picco,REM,Meia,6.22,-0.58,3.49,24,2.33,2.0,45.0,24.0,1.0,8.0,4.0,0.0,2.0,0.0,0.0,0.0,0.0,0.0,0.0,0.0,0.0,0.0,0.0,0.0,0.0
123689,Milans,COR,Lateral,7.2,-0.56,4.26,7,2.7,0.0,9.0,7.0,0.0,0.0,7.0,3.0,0.0,1.0,0.0,0.0,0.0,0.0,0.0,0.0,0.0,0.0,0.0,0.0,0.0
95362,Cassierra,CAM,Atacante,5.05,-0.21,2.06,20,1.89,1.0,2.0,11.0,5.0,7.0,9.0,0.0,2.0,4.0,1.0,0.0,0.0,0.0,0.0,0.0,0.0,0.0,2.0,0.0,0.0
90370,Matheus Pereira,COR,Meia,2.95,-0.13,0.89,18,1.11,2.0,9.0,13.0,2.0,5.0,4.0,0.0,0.0,0.0,0.0,0.0,0.0,0.0,0.0,0.0,0.0,0.0,0.0,0.0,0.0
103388,Emmanuel Martínez,VIT,Meia,5.95,0.0,3.27,18,2.23,6.0,35.0,28.0,2.0,4.0,30.0,0.0,0.0,1.0,0.0,0.0,0.0,0.0,0.0,0.0,0.0,0.0,0.0,0.0,0.0
86859,José Welison,REM,Meia,3.97,0.71,2.61,22,1.49,5.0,38.0,34.0,1.0,13.0,14.0,0.0,0.0,0.0,0.0,0.0,0.0,1.0,0.0,0.0,0.0,0.0,0.0,0.0,0.0
141406,Andrey Fernandes,VAS,Atacante,1.41,0.0,1.7,1,0.53,0.0,0.0,0.0,1.0,0.0,1.0,0.0,0.0,0.0,0.0,0.0,0.0,0.0,0.0,0.0,0.0,0.0,0.0,0.0,0.0
110633,Gustavo,CFC,Meia,3.3,0.0,0.9,4,1.24,0.0,1.0,0.0,0.0,2.0,1.0,0.0,0.0,0.0,0.0,0.0,0.0,0.0,0.0,0.0,0.0,0.0,0.0,0.0,0.0
146374,Gilberto Junior,CAP,Lateral,6.14,0.0,4.62,6,2.3,0.0,11.0,3.0,1.0,0.0,2.0,2.0,0.0,1.0,0.0,0.0,0.0,0.0,0.0,0.0,0.0,0.0,0.0,0.0,0.0
142265,Dell,BAH,Atacante,1.82,0.0,0.65,4,0.68,0.0,2.0,3.0,1.0,1.0,3.0,0.0,0.0,0.0,0.0,0.0,0.0,0.0,0.0,1.0,0.0,0.0,0.0,0.0,0.0
97906,Riccieli,VIT,Zagueiro,4.85,0.0,3.5,2,1.82,0.0,1.0,1.0,0.0,1.0,0.0,1.0,0.0,0.0,0.0,0.0,0.0,0.0,0.0,0.0,0.0,0.0,0.0,0.0,0.0
107859,Fintelman,VIT,Goleiro,2.0,0.0,0.0,0,0.75,0.0,0.0,0.0,0.0,0.0,0.0,0.0,0.0,0.0,0.0,0.0,0.0,0.0,0.0,0.0,0.0,0.0,0.0,0.0,0.0
105842,Edu,VIT,Zagueiro,4.13,0.0,1.5,1,1.55,0.0,1.0,0.0,0.0,0.0,0.0,0.0,0.0,0.0,0.0,0.0,0.0,0.0,0.0,0.0,0.0,0.0,0.0,0.0,0.0
107075,Yuri Sena,VIT,Goleiro,1.0,0.0,0.0,0,0.38,0.0,0.0,0.0,0.0,0.0,0.0,0.0,0.0,0.0,0.0,0.0,0.0,0.0,0.0,0.0,0.0,0.0,0.0,0.0,0.0
68952,Marinho,VIT,Atacante,4.6,-0.13,2.02,12,1.72,2.0,9.0,10.0,2.0,5.0,19.0,0.0,0.0,2.0,0.0,0.0,0.0,0.0,0.0,0.0,0.0,0.0,0.0,0.0,0.0
141628,Pablo Lúcio,FLA,Meia,2.0,0.0,0.0,0,0.75,0.0,0.0,0.0,0.0,0.0,0.0,0.0,0.0,0.0,0.0,0.0,0.0,0.0,0.0,0.0,0.0,0.0,0.0,0.0,0.0
110598,Marino Hinestroza,VAS,Atacante,5.03,0.0,1.42,13,1.89,0.0,5.0,6.0,0.0,4.0,13.0,0.0,0.0,0.0,0.0,0.0,0.0,0.0,0.0,0.0,0.0,0.0,1.0,0.0,0.0
140496,Tiaguinho,GRE,Meia,0.93,0.0,0.0,1,0.35,0.0,0.0,0.0,0.0,0.0,0.0,0.0,0.0,0.0,0.0,0.0,0.0,0.0,0.0,0.0,0.0,0.0,0.0,0.0,0.0
145404,Arthur,PAL,Lateral,5.77,1.73,4.25,18,2.16,1.0,25.0,22.0,3.0,6.0,12.0,7.0,0.0,0.0,0.0,0.0,0.0,0.0,0.0,1.0,0.0,0.0,0.0,0.0,0.0
146623,Luis Pacheco,PAL,Meia,1.72,-0.26,-0.08,4,0.65,2.0,1.0,2.0,0.0,1.0,0.0,0.0,0.0,0.0,0.0,0.0,0.0,0.0,0.0,0.0,0.0,0.0,0.0,0.0,0.0
150959,Davizinho,SAN,Lateral,2.01,0.0,1.62,4,0.75,0.0,1.0,0.0,0.0,0.0,0.0,1.0,0.0,0.0,0.0,0.0,0.0,0.0,0.0,0.0,0.0,0.0,0.0,0.0,0.0
145436,Belé,PAL,Atacante,3.0,0.0,0.0,0,1.12,0.0,0.0,0.0,0.0,0.0,0.0,0.0,0.0,0.0,0.0,0.0,0.0,0.0,0.0,0.0,0.0,0.0,0.0,0.0,0.0
99789,Brenner,VAS,Atacante,6.94,0.0,2.9,14,2.6,1.0,8.0,4.0,5.0,7.0,11.0,0.0,1.0,3.0,0.0,0.0,0.0,0.0,0.0,0.0,0.0,0.0,2.0,0.0,0.0
87552,Vitor Bueno,REM,Meia,8.39,1.66,3.98,20,3.15,1.0,7.0,11.0,9.0,6.0,15.0,0.0,4.0,0.0,3.0,0.0,0.0,0.0,0.0,0.0,0.0,0.0,1.0,0.0,0.0
147088,Cissé,CAM,Meia,2.41,-0.5,1.93,15,0.9,2.0,9.0,13.0,1.0,4.0,18.0,0.0,1.0,1.0,0.0,0.0,0.0,0.0,0.0,0.0,0.0,0.0,0.0,0.0,0.0
141551,Índio,CAM,Meia,1.0,0.0,0.0,0,0.38,0.0,0.0,0.0,0.0,0.0,0.0,0.0,0.0,0.0,0.0,0.0,0.0,0.0,0.0,0.0,0.0,0.0,0.0,0.0,0.0
97900,Vitão,FLA,Zagueiro,6.62,0.0,2.37,9,2.48,2.0,2.0,6.0,0.0,2.0,1.0,4.0,0.0,0.0,0.0,0.0,0.0,0.0,0.0,0.0,0.0,0.0,0.0,0.0,0.0
94930,Lucas Paquetá,FLA,Meia,14.75,0.74,6.5,17,5.53,3.0,35.0,25.0,6.0,17.0,32.0,0.0,4.0,3.0,0.0,0.0,0.0,0.0,0.0,0.0,0.0,0.0,0.0,0.0,0.0
130906,Riquelme,CAP,Meia,1.53,0.0,1.06,5,0.57,1.0,4.0,3.0,1.0,0.0,0.0,0.0,0.0,0.0,0.0,0.0,0.0,0.0,0.0,0.0,0.0,0.0,0.0,0.0,0.0
104134,Fabri,VIT,Atacante,5.12,0.0,2.49,9,1.92,0.0,6.0,3.0,2.0,3.0,3.0,0.0,0.0,0.0,1.0,0.0,0.0,0.0,0.0,0.0,0.0,0.0,1.0,0.0,0.0
146632,Alisson,INT,Lateral,1.0,0.0,0.0,0,0.38,0.0,0.0,0.0,0.0,0.0,0.0,0.0,0.0,0.0,0.0,0.0,0.0,0.0,0.0,0.0,0.0,0.0,0.0,0.0,0.0
101729,Fabinho,CFC,Atacante,3.08,0.0,1.55,10,1.16,1.0,1.0,6.0,1.0,2.0,2.0,0.0,1.0,0.0,1.0,0.0,0.0,0.0,0.0,0.0,0.0,0.0,0.0,0.0,0.0
142638,João Victor,INT,Atacante,0.63,-0.37,-0.8,1,0.24,1.0,0.0,1.0,0.0,0.0,1.0,0.0,0.0,0.0,0.0,0.0,0.0,0.0,0.0,0.0,0.0,0.0,0.0,0.0,0.0
147202,João Bezerra,INT,Atacante,1.19,0.0,0.6,2,0.45,0.0,0.0,0.0,1.0,0.0,0.0,0.0,0.0,0.0,0.0,0.0,0.0,0.0,0.0,0.0,0.0,0.0,0.0,0.0,0.0
141615,Pedro Ferreira,SAO,Meia,1.25,0.0,0.87,3,0.47,0.0,0.0,2.0,1.0,0.0,4.0,0.0,0.0,0.0,0.0,0.0,0.0,0.0,0.0,0.0,0.0,0.0,0.0,0.0,0.0
145036,Fernando Pradella,SAN,Atacante,0.82,0.0,0.0,1,0.31,0.0,0.0,0.0,0.0,0.0,0.0,0.0,0.0,0.0,0.0,0.0,0.0,0.0,0.0,0.0,0.0,0.0,0.0,0.0,0.0
71536,Luiz Gustavo,CAP,Meia,6.56,0.0,3.53,18,2.46,2.0,21.0,18.0,7.0,3.0,21.0,0.0,2.0,0.0,0.0,0.0,0.0,0.0,1.0,0.0,0.0,0.0,1.0,0.0,0.0
123738,Herrera,RBB,Atacante,4.79,-0.43,2.59,20,1.8,3.0,18.0,22.0,11.0,11.0,9.0,0.0,1.0,2.0,0.0,0.0,0.0,0.0,0.0,0.0,0.0,0.0,0.0,0.0,0.0
147883,João Vitor,VAS,Atacante,3.49,0.0,3.13,4,1.31,0.0,8.0,0.0,0.0,0.0,1.0,0.0,0.0,0.0,0.0,0.0,0.0,0.0,0.0,0.0,0.0,0.0,0.0,0.0,0.0
130698,Kadu,BOT,Lateral,1.0,0.0,0.0,0,0.38,0.0,0.0,0.0,0.0,0.0,0.0,0.0,0.0,0.0,0.0,0.0,0.0,0.0,0.0,0.0,0.0,0.0,0.0,0.0,0.0
147788,Arthur Izaque,BOT,Atacante,1.0,0.0,0.0,0,0.38,0.0,0.0,0.0,0.0,0.0,0.0,0.0,0.0,0.0,0.0,0.0,0.0,0.0,0.0,0.0,0.0,0.0,0.0,0.0,0.0
142086,Kauan Toledo,BOT,Atacante,2.27,-0.26,1.93,7,0.85,1.0,6.0,8.0,2.0,2.0,8.0,0.0,0.0,1.0,0.0,0.0,0.0,0.0,0.0,0.0,0.0,0.0,0.0,0.0,0.0
101715,Alerrandro,INT,Atacante,6.18,0.0,3.45,21,2.32,1.0,8.0,22.0,7.0,13.0,21.0,0.0,3.0,5.0,3.0,0.0,0.0,0.0,0.0,0.0,0.0,0.0,0.0,0.0,0.0
112939,Catarozzi,REM,Meia,5.41,0.0,0.9,1,2.03,0.0,1.0,2.0,0.0,0.0,0.0,0.0,0.0,0.0,0.0,0.0,0.0,0.0,0.0,0.0,0.0,0.0,0.0,0.0,0.0
147782,Arthur Novaes,BOT,Meia,1.0,0.0,0.0,0,0.38,0.0,0.0,0.0,0.0,0.0,0.0,0.0,0.0,0.0,0.0,0.0,0.0,0.0,0.0,0.0,0.0,0.0,0.0,0.0,0.0
108131,Garcez,CHA,Atacante,5.77,1.56,3.65,12,2.16,0.0,9.0,9.0,3.0,10.0,11.0,0.0,2.0,2.0,0.0,0.0,0.0,0.0,0.0,0.0,0.0,0.0,0.0,0.0,0.0
116065,Cuiabano,VAS,Lateral,12.12,0.11,7.23,15,4.54,4.0,41.0,16.0,7.0,9.0,15.0,1.0,1.0,0.0,4.0,0.0,0.0,0.0,0.0,0.0,0.0,0.0,0.0,0.0,0.0
141991,Tico,REM,Atacante,1.1,0.0,0.5,1,0.41,0.0,0.0,0.0,0.0,0.0,1.0,0.0,0.0,0.0,0.0,0.0,0.0,0.0,0.0,0.0,0.0,0.0,0.0,0.0,0.0
148103,Rafael Soares,REM,Meia,1.0,0.0,0.0,0,0.38,0.0,0.0,0.0,0.0,0.0,0.0,0.0,0.0,0.0,0.0,0.0,0.0,0.0,0.0,0.0,0.0,0.0,0.0,0.0,0.0
147546,Roger,GRE,Meia,1.5,0.0,1.2,2,0.56,0.0,1.0,1.0,1.0,0.0,0.0,0.0,0.0,0.0,0.0,0.0,0.0,0.0,0.0,0.0,0.0,0.0,0.0,0.0,0.0
127969,Matheus Reis,FLU,Atacante,1.0,0.0,0.0,0,0.38,0.0,0.0,0.0,0.0,0.0,0.0,0.0,0.0,0.0,0.0,0.0,0.0,0.0,0.0,0.0,0.0,0.0,0.0,0.0,0.0
130438,Diego,INT,Goleiro,1.0,0.0,0.0,0,0.38,0.0,0.0,0.0,0.0,0.0,0.0,0.0,0.0,0.0,0.0,0.0,0.0,0.0,0.0,0.0,0.0,0.0,0.0,0.0,0.0
148109,Filipe Lima,REM,Atacante,1.0,0.0,0.0,0,0.38,0.0,0.0,0.0,0.0,0.0,0.0,0.0,0.0,0.0,0.0,0.0,0.0,0.0,0.0,0.0,0.0,0.0,0.0,0.0,0.0
141126,Pedro Cobra,CAM,Goleiro,1.0,0.0,0.0,0,0.38,0.0,0.0,0.0,0.0,0.0,0.0,0.0,0.0,0.0,0.0,0.0,0.0,0.0,0.0,0.0,0.0,0.0,0.0,0.0,0.0
146410,Marquinhos,BOT,Meia,0.85,0.0,0.0,1,0.32,0.0,0.0,0.0,0.0,0.0,0.0,0.0,0.0,0.0,0.0,0.0,0.0,0.0,0.0,0.0,0.0,0.0,0.0,0.0,0.0
82407,Chico Kim,MIR,Meia,3.64,1.15,1.32,6,1.36,0.0,3.0,3.0,1.0,2.0,3.0,0.0,0.0,0.0,0.0,0.0,0.0,0.0,0.0,0.0,0.0,0.0,0.0,0.0,0.0
99815,Arias,PAL,Meia,13.77,-0.06,7.09,21,5.16,4.0,47.0,25.0,9.0,15.0,35.0,0.0,4.0,4.0,3.0,0.0,0.0,0.0,0.0,0.0,0.0,0.0,1.0,0.0,0.0
143463,Wesley Natã,FLU,Atacante,0.8,0.0,-0.3,1,0.3,0.0,0.0,1.0,0.0,0.0,0.0,0.0,0.0,0.0,0.0,0.0,0.0,0.0,0.0,0.0,0.0,0.0,0.0,0.0,0.0
146430,Justino,BOT,Zagueiro,3.34,0.0,2.75,10,1.25,4.0,8.0,5.0,0.0,0.0,10.0,1.0,1.0,0.0,0.0,0.0,0.0,0.0,0.0,0.0,0.0,0.0,1.0,0.0,0.0
148124,Vinicius,CHA,Zagueiro,1.63,0.0,0.1,2,0.61,1.0,1.0,1.0,0.0,0.0,0.0,0.0,0.0,0.0,0.0,0.0,0.0,0.0,0.0,0.0,0.0,0.0,0.0,0.0,0.0
148152,Ararat,CFC,Meia,4.0,0.0,0.0,0,1.5,0.0,0.0,0.0,0.0,0.0,0.0,0.0,0.0,0.0,0.0,0.0,0.0,0.0,0.0,0.0,0.0,0.0,0.0,0.0,0.0
97911,Lucas Silva,VIT,Atacante,2.8,0.0,-0.17,3,1.05,1.0,0.0,0.0,0.0,0.0,1.0,0.0,0.0,0.0,0.0,0.0,0.0,0.0,0.0,0.0,0.0,0.0,0.0,0.0,0.0
148206,Nadson,SAN,Atacante,1.0,0.0,0.0,0,0.38,0.0,0.0,0.0,0.0,0.0,0.0,0.0,0.0,0.0,0.0,0.0,0.0,0.0,0.0,0.0,0.0,0.0,0.0,0.0,0.0
108162,Nardoni,GRE,Meia,6.05,0.17,1.89,16,2.27,2.0,11.0,19.0,1.0,4.0,18.0,0.0,1.0,1.0,0.0,0.0,0.0,0.0,0.0,0.0,0.0,0.0,0.0,0.0,0.0
145563,João Ananias,SAN,Zagueiro,3.43,0.0,2.5,6,1.29,1.0,9.0,6.0,0.0,1.0,3.0,1.0,0.0,0.0,0.0,0.0,0.0,1.0,0.0,0.0,0.0,0.0,0.0,0.0,0.0
148215,Djhordney,SAO,Meia,1.33,0.69,0.52,5,0.5,2.0,4.0,8.0,0.0,0.0,2.0,0.0,0.0,0.0,0.0,0.0,0.0,0.0,0.0,0.0,0.0,0.0,0.0,0.0,0.0
93371,Rodrigo Rodrigues,CFC,Atacante,3.28,0.0,-0.9,1,1.23,0.0,0.0,3.0,0.0,0.0,0.0,0.0,0.0,0.0,0.0,0.0,0.0,0.0,0.0,0.0,0.0,0.0,0.0,0.0,0.0
110144,Spinelli,VAS,Atacante,5.59,0.0,2.95,16,2.1,0.0,10.0,16.0,9.0,13.0,10.0,0.0,1.0,0.0,0.0,0.0,0.0,0.0,0.0,0.0,0.0,0.0,1.0,0.0,0.0
109987,Medina,BOT,Meia,6.35,0.0,3.38,16,2.38,3.0,25.0,17.0,2.0,6.0,23.0,0.0,1.0,0.0,0.0,1.0,0.0,0.0,0.0,1.0,0.0,0.0,0.0,0.0,0.0
131964,Jhoan Hernández,BOT,Lateral,3.69,0.0,0.0,1,1.38,0.0,0.0,0.0,0.0,0.0,0.0,0.0,0.0,0.0,0.0,0.0,0.0,0.0,0.0,0.0,0.0,0.0,0.0,0.0,0.0
124386,Kainã,CHA,Goleiro,1.0,0.0,0.0,0,0.38,0.0,0.0,0.0,0.0,0.0,0.0,0.0,0.0,0.0,0.0,0.0,0.0,0.0,0.0,0.0,0.0,0.0,0.0,0.0,0.0
130393,Luiz Gustavo,BAH,Zagueiro,1.0,0.0,0.0,0,0.38,0.0,0.0,0.0,0.0,0.0,0.0,0.0,0.0,0.0,0.0,0.0,0.0,0.0,0.0,0.0,0.0,0.0,0.0,0.0,0.0
104666,Moisés,SAN,Atacante,4.78,0.0,2.35,13,1.79,0.0,2.0,5.0,4.0,0.0,5.0,0.0,2.0,0.0,1.0,1.0,0.0,0.0,0.0,0.0,0.0,0.0,0.0,0.0,0.0
97899,Matheus Bahia,INT,Lateral,6.05,0.0,4.25,17,2.27,3.0,29.0,18.0,1.0,1.0,19.0,4.0,0.0,3.0,2.0,0.0,0.0,0.0,1.0,1.0,0.0,0.0,0.0,0.0,0.0
92747,Eduardo Domínguez,CAM,Técnico,10.56,0.77,5.41,22,3.96,0.0,0.0,0.0,0.0,0.0,0.0,0.0,0.0,0.0,0.0,0.0,11.0,0.0,0.0,0.0,0.0,0.0,0.0,0.0,0.0
101807,Oliva,SAN,Meia,6.32,-1.33,3.49,17,2.37,0.0,20.0,26.0,1.0,6.0,10.0,0.0,2.0,0.0,2.0,0.0,0.0,0.0,0.0,0.0,0.0,0.0,0.0,0.0,0.0
126189,Tomás Pérez,CAM,Meia,3.99,0.0,1.66,14,1.5,2.0,16.0,13.0,2.0,1.0,4.0,0.0,0.0,0.0,0.0,0.0,0.0,0.0,0.0,0.0,0.0,0.0,0.0,0.0,0.0
143465,Keven Samuel,FLU,Atacante,1.0,0.0,0.0,0,0.38,0.0,0.0,0.0,0.0,0.0,0.0,0.0,0.0,0.0,0.0,0.0,0.0,0.0,0.0,0.0,0.0,0.0,0.0,0.0,0.0
133671,Gustavo Reis,RBB,Goleiro,1.0,0.0,0.0,0,0.38,0.0,0.0,0.0,0.0,0.0,0.0,0.0,0.0,0.0,0.0,0.0,0.0,0.0,0.0,0.0,0.0,0.0,0.0,0.0,0.0
104036,Labyad,COR,Meia,4.52,0.0,2.05,11,1.69,1.0,3.0,6.0,0.0,1.0,4.0,0.0,1.0,0.0,2.0,0.0,0.0,0.0,0.0,0.0,0.0,0.0,0.0,0.0,0.0
93368,Lucas Veríssimo,SAN,Zagueiro,8.78,0.0,4.1,13,3.29,3.0,19.0,16.0,1.0,4.0,7.0,5.0,0.0,2.0,0.0,0.0,0.0,0.0,0.0,0.0,0.0,0.0,0.0,0.0,0.0
93834,Keiller,CFC,Goleiro,4.0,0.0,0.0,0,1.5,0.0,0.0,0.0,0.0,0.0,0.0,0.0,0.0,0.0,0.0,0.0,0.0,0.0,0.0,0.0,0.0,0.0,0.0,0.0,0.0
141400,Huguinho,BOT,Meia,4.68,-0.37,3.08,9,1.75,3.0,11.0,16.0,0.0,5.0,16.0,0.0,1.0,0.0,0.0,0.0,0.0,0.0,1.0,0.0,0.0,0.0,0.0,0.0,0.0
105048,Jajá,REM,Atacante,6.44,0.16,5.27,22,2.42,2.0,23.0,17.0,10.0,10.0,22.0,0.0,7.0,7.0,1.0,0.0,0.0,0.0,0.0,1.0,0.0,0.0,0.0,0.0,0.0
139200,Pedro Kauã,INT,Zagueiro,1.0,0.0,0.0,0,0.38,0.0,0.0,0.0,0.0,0.0,0.0,0.0,0.0,0.0,0.0,0.0,0.0,0.0,0.0,0.0,0.0,0.0,0.0,0.0,0.0
88963,Leonardo Jardim,FLA,Técnico,13.21,-0.21,7.39,23,4.95,0.0,0.0,0.0,0.0,0.0,0.0,0.0,0.0,0.0,0.0,0.0,15.0,0.0,0.0,0.0,0.0,0.0,0.0,0.0,0.0
147545,Jefinho,GRE,Meia,1.46,0.0,1.5,1,0.55,0.0,1.0,0.0,0.0,0.0,0.0,0.0,0.0,0.0,0.0,0.0,0.0,0.0,0.0,0.0,0.0,0.0,0.0,0.0,0.0
142275,Luiz Felipe,FLA,Meia,1.0,0.0,0.0,0,0.38,0.0,0.0,0.0,0.0,0.0,0.0,0.0,0.0,0.0,0.0,0.0,0.0,0.0,0.0,0.0,0.0,0.0,0.0,0.0,0.0
142261,Jeferson,GRE,Atacante,1.0,0.0,0.0,0,0.38,0.0,0.0,0.0,0.0,0.0,0.0,0.0,0.0,0.0,0.0,0.0,0.0,0.0,0.0,0.0,0.0,0.0,0.0,0.0,0.0
147875,Daniel Silva,FLA,Zagueiro,1.0,0.0,0.0,0,0.38,0.0,0.0,0.0,0.0,0.0,0.0,0.0,0.0,0.0,0.0,0.0,0.0,0.0,0.0,0.0,0.0,0.0,0.0,0.0,0.0
115537,Marcos Victor,BAH,Zagueiro,3.88,0.14,2.84,5,1.46,0.0,6.0,1.0,0.0,0.0,1.0,1.0,0.0,0.0,0.0,0.0,0.0,0.0,0.0,0.0,0.0,0.0,0.0,0.0,0.0
124219,Millán,FLU,Zagueiro,4.49,0.0,1.47,6,1.68,1.0,2.0,6.0,1.0,3.0,0.0,1.0,0.0,0.0,0.0,0.0,0.0,0.0,0.0,0.0,0.0,0.0,0.0,0.0,0.0
121823,Kauê,COR,Goleiro,5.21,0.0,4.98,4,1.95,2.0,0.0,0.0,0.0,0.0,1.0,1.0,0.0,0.0,0.0,0.0,0.0,0.0,0.0,0.0,18.0,7.0,0.0,0.0,0.0
147268,Anderson Pato,VIT,Atacante,3.12,0.0,1.38,4,1.17,1.0,4.0,1.0,0.0,1.0,0.0,0.0,0.0,0.0,0.0,0.0,0.0,0.0,0.0,0.0,0.0,0.0,0.0,0.0,0.0
124424,Rodrigo Castillo,FLU,Atacante,7.9,0.03,4.07,14,2.96,2.0,8.0,26.0,4.0,6.0,17.0,0.0,4.0,3.0,1.0,0.0,0.0,0.0,0.0,0.0,0.0,0.0,0.0,0.0,0.0
41929,Renato Gaúcho,GRE,Técnico,9.79,0.0,5.08,14,3.67,0.0,0.0,0.0,0.0,0.0,0.0,0.0,0.0,0.0,0.0,0.0,5.0,0.0,0.0,0.0,0.0,0.0,0.0,0.0,0.0
100804,Tchamba,REM,Zagueiro,4.59,-0.54,2.78,19,1.72,1.0,25.0,8.0,1.0,5.0,9.0,2.0,0.0,1.0,1.0,0.0,0.0,2.0,0.0,0.0,0.0,0.0,0.0,0.0,0.0
81720,Lingard,COR,Atacante,3.96,-0.03,1.71,16,1.48,2.0,12.0,18.0,3.0,6.0,7.0,0.0,0.0,1.0,1.0,0.0,0.0,0.0,0.0,0.0,0.0,0.0,0.0,0.0,0.0
133690,Bruno Lopes,VAS,Atacante,1.57,0.0,1.7,1,0.59,0.0,0.0,1.0,1.0,1.0,0.0,0.0,0.0,0.0,0.0,0.0,0.0,0.0,0.0,0.0,0.0,0.0,0.0,0.0,0.0
142260,Bernardo Zortea,GRE,Meia,1.72,0.0,1.17,4,0.65,0.0,3.0,3.0,0.0,2.0,1.0,0.0,0.0,0.0,0.0,0.0,0.0,0.0,1.0,0.0,0.0,0.0,0.0,0.0,0.0
141594,Pedro Gabriel,GRE,Lateral,4.09,-0.55,2.79,14,1.53,6.0,13.0,19.0,3.0,2.0,2.0,4.0,0.0,0.0,1.0,0.0,0.0,0.0,0.0,0.0,0.0,0.0,0.0,0.0,0.0
129661,Wendel,BAH,Meia,1.0,0.0,0.0,0,0.38,0.0,0.0,0.0,0.0,0.0,0.0,0.0,0.0,0.0,0.0,0.0,0.0,0.0,0.0,0.0,0.0,0.0,0.0,0.0,0.0
140726,David Martins,BAH,Meia,0.65,0.0,-0.1,3,0.24,0.0,0.0,1.0,0.0,0.0,0.0,0.0,0.0,0.0,0.0,0.0,0.0,0.0,0.0,0.0,0.0,0.0,0.0,0.0,0.0
84268,Georgemy,MIR,Goleiro,3.0,0.0,0.0,0,1.12,0.0,0.0,0.0,0.0,0.0,0.0,0.0,0.0,0.0,0.0,0.0,0.0,0.0,0.0,0.0,0.0,0.0,0.0,0.0,0.0
107256,Zé Vitor,VIT,Meia,6.03,-0.99,4.65,16,2.26,4.0,36.0,34.0,3.0,13.0,27.0,0.0,1.0,0.0,0.0,0.0,0.0,0.0,1.0,0.0,0.0,0.0,0.0,0.0,0.0
95131,Gabriel Taliari,REM,Atacante,8.38,-0.22,4.64,15,3.14,1.0,10.0,24.0,6.0,12.0,25.0,0.0,4.0,5.0,0.0,2.0,0.0,0.0,0.0,0.0,0.0,0.0,0.0,0.0,0.0
145659,Nicolas,SAO,Lateral,2.79,0.0,5.0,1,1.05,0.0,0.0,0.0,0.0,0.0,0.0,1.0,0.0,0.0,0.0,0.0,0.0,0.0,0.0,0.0,0.0,0.0,0.0,0.0,0.0
110605,Vinícius Balieiro,CHA,Meia,3.62,0.0,1.84,5,1.36,0.0,5.0,1.0,0.0,0.0,4.0,0.0,0.0,0.0,0.0,0.0,0.0,0.0,0.0,0.0,0.0,0.0,0.0,0.0,0.0
148125,Ryan Augusto,RBB,Lateral,3.55,0.0,3.17,6,1.33,0.0,7.0,3.0,1.0,1.0,5.0,1.0,0.0,1.0,0.0,0.0,0.0,0.0,0.0,0.0,0.0,0.0,0.0,0.0,0.0
42411,Cuca,SAN,Técnico,10.43,-0.05,6.2,18,3.91,0.0,0.0,0.0,0.0,0.0,0.0,0.0,0.0,0.0,0.0,0.0,8.0,0.0,0.0,0.0,0.0,0.0,0.0,0.0,0.0
141184,Walace Falcão,VAS,Zagueiro,1.0,0.0,0.0,0,0.38,0.0,0.0,0.0,0.0,0.0,0.0,0.0,0.0,0.0,0.0,0.0,0.0,0.0,0.0,0.0,0.0,0.0,0.0,0.0,0.0
141752,Caio Valle,BOT,Meia,1.0,0.0,0.0,0,0.38,0.0,0.0,0.0,0.0,0.0,0.0,0.0,0.0,0.0,0.0,0.0,0.0,0.0,0.0,0.0,0.0,0.0,0.0,0.0,0.0
127273,Artur Jorge,CRU,Técnico,11.53,-0.41,6.37,19,4.32,0.0,0.0,0.0,0.0,0.0,0.0,0.0,0.0,0.0,0.0,0.0,12.0,0.0,0.0,0.0,0.0,0.0,0.0,0.0,0.0
143153,Tarzia,VIT,Atacante,3.96,0.09,2.93,20,1.48,2.0,14.0,19.0,7.0,7.0,21.0,0.0,2.0,1.0,1.0,0.0,0.0,0.0,0.0,0.0,0.0,0.0,0.0,0.0,0.0
142257,Luis Eduardo,GRE,Zagueiro,1.45,0.0,-0.3,2,0.54,0.0,0.0,2.0,0.0,0.0,0.0,0.0,0.0,0.0,0.0,0.0,0.0,0.0,0.0,0.0,0.0,0.0,0.0,0.0,0.0
147192,Claudinho,CAP,Lateral,7.84,0.0,7.52,6,2.94,0.0,13.0,8.0,1.0,1.0,6.0,3.0,0.0,0.0,1.0,0.0,0.0,0.0,0.0,0.0,0.0,0.0,1.0,0.0,0.0
130209,Renê,VIT,Atacante,11.31,0.99,7.21,18,4.24,2.0,14.0,16.0,15.0,12.0,33.0,0.0,8.0,3.0,1.0,0.0,0.0,0.0,0.0,0.0,0.0,0.0,1.0,0.0,0.0
143252,Gean,VIT,Lateral,1.0,0.0,0.0,0,0.38,0.0,0.0,0.0,0.0,0.0,0.0,0.0,0.0,0.0,0.0,0.0,0.0,0.0,0.0,0.0,0.0,0.0,0.0,0.0,0.0
123005,Sidney,BAH,Meia,1.0,0.0,0.0,0,0.38,0.0,0.0,0.0,0.0,0.0,0.0,0.0,0.0,0.0,0.0,0.0,0.0,0.0,0.0,0.0,0.0,0.0,0.0,0.0,0.0
149715,Rafael Gonzaga,SAN,Lateral,2.79,0.0,2.4,1,1.05,0.0,2.0,2.0,0.0,0.0,0.0,0.0,0.0,0.0,0.0,0.0,0.0,0.0,0.0,0.0,0.0,0.0,0.0,0.0,0.0
102877,Gabriel Poveda,REM,Atacante,2.68,0.11,0.66,14,1.01,0.0,4.0,4.0,1.0,1.0,5.0,0.0,0.0,0.0,0.0,0.0,0.0,0.0,0.0,0.0,0.0,0.0,0.0,0.0,0.0
121811,Da Silva,CHA,Meia,3.0,0.0,0.0,0,1.12,0.0,0.0,0.0,0.0,0.0,0.0,0.0,0.0,0.0,0.0,0.0,0.0,0.0,0.0,0.0,0.0,0.0,0.0,0.0,0.0
103347,Matheus Alexandre,REM,Lateral,4.19,0.0,1.92,11,1.57,1.0,5.0,4.0,0.0,1.0,0.0,3.0,0.0,0.0,0.0,0.0,0.0,0.0,0.0,0.0,0.0,0.0,0.0,0.0,0.0
97905,Matheus Aurélio,CHA,Goleiro,2.61,0.0,1.7,2,0.98,1.0,0.0,0.0,0.0,0.0,0.0,0.0,0.0,0.0,0.0,0.0,0.0,0.0,0.0,0.0,8.0,6.0,0.0,0.0,0.0
101820,Mayk,REM,Lateral,5.75,0.0,3.27,14,2.16,0.0,14.0,4.0,0.0,3.0,7.0,3.0,0.0,0.0,1.0,0.0,0.0,0.0,0.0,0.0,0.0,0.0,0.0,0.0,0.0
149993,Iago Machado,COR,Zagueiro,0.89,-0.11,0.0,1,0.33,0.0,0.0,0.0,0.0,0.0,0.0,0.0,0.0,0.0,0.0,0.0,0.0,0.0,0.0,0.0,0.0,0.0,0.0,0.0,0.0
141405,Avellar,VAS,Lateral,2.8,0.0,3.45,2,1.05,0.0,4.0,1.0,1.0,0.0,0.0,0.0,0.0,0.0,0.0,0.0,0.0,0.0,0.0,0.0,0.0,0.0,0.0,0.0,0.0
123016,David Braga,REM,Meia,2.88,0.0,1.05,11,1.08,2.0,6.0,5.0,1.0,1.0,8.0,0.0,0.0,0.0,0.0,0.0,0.0,0.0,0.0,0.0,0.0,0.0,0.0,0.0,0.0
130282,Anthony,BOT,Zagueiro,3.0,0.0,0.0,0,1.12,0.0,0.0,0.0,0.0,0.0,0.0,0.0,0.0,0.0,0.0,0.0,0.0,0.0,0.0,0.0,0.0,0.0,0.0,0.0,0.0
94034,Kevin Ramírez,CHA,Atacante,4.21,0.0,3.18,5,1.58,0.0,3.0,0.0,3.0,1.0,4.0,0.0,0.0,0.0,1.0,0.0,0.0,0.0,0.0,0.0,0.0,0.0,0.0,0.0,0.0
124264,Kauan Jesus,INT,Goleiro,1.0,0.0,0.0,0,0.38,0.0,0.0,0.0,0.0,0.0,0.0,0.0,0.0,0.0,0.0,0.0,0.0,0.0,0.0,0.0,0.0,0.0,0.0,0.0,0.0
148717,Tetê,SAO,Atacante,0.63,-0.02,-0.32,5,0.24,1.0,0.0,2.0,0.0,0.0,0.0,0.0,0.0,0.0,0.0,0.0,0.0,0.0,0.0,0.0,0.0,0.0,0.0,0.0,0.0
149991,David,CFC,Atacante,0.92,0.0,0.0,1,0.35,0.0,0.0,0.0,0.0,0.0,0.0,0.0,0.0,0.0,0.0,0.0,0.0,0.0,0.0,0.0,0.0,0.0,0.0,0.0,0.0
147089,Cauã Soares,CAM,Atacante,1.39,0.0,0.73,6,0.52,0.0,1.0,0.0,2.0,0.0,1.0,0.0,0.0,0.0,0.0,0.0,0.0,0.0,0.0,0.0,0.0,0.0,0.0,0.0,0.0
150197,Osorio,SAO,Zagueiro,1.38,-0.86,1.33,6,0.52,1.0,6.0,10.0,0.0,0.0,2.0,0.0,0.0,0.0,1.0,0.0,0.0,0.0,0.0,1.0,0.0,0.0,0.0,0.0,0.0
149994,Jhuan Nunes,RBB,Atacante,1.54,0.0,1.15,2,0.58,0.0,1.0,0.0,0.0,1.0,0.0,0.0,0.0,0.0,0.0,0.0,0.0,0.0,0.0,0.0,0.0,0.0,0.0,0.0,0.0
130309,Rodrigo Falcão,SAN,Goleiro,1.0,0.0,0.0,0,0.38,0.0,0.0,0.0,0.0,0.0,0.0,0.0,0.0,0.0,0.0,0.0,0.0,0.0,0.0,0.0,0.0,0.0,0.0,0.0,0.0
130233,Iuri,BAH,Goleiro,1.0,0.0,0.0,0,0.38,0.0,0.0,0.0,0.0,0.0,0.0,0.0,0.0,0.0,0.0,0.0,0.0,0.0,0.0,0.0,0.0,0.0,0.0,0.0,0.0
141795,Kauan Coutinho,VIT,Zagueiro,1.0,0.0,0.0,0,0.38,0.0,0.0,0.0,0.0,0.0,0.0,0.0,0.0,0.0,0.0,0.0,0.0,0.0,0.0,0.0,0.0,0.0,0.0,0.0,0.0
85465,Alex Santana,COR,Meia,4.02,0.0,0.8,1,1.51,0.0,0.0,0.0,0.0,1.0,0.0,0.0,0.0,0.0,0.0,0.0,0.0,0.0,0.0,0.0,0.0,0.0,0.0,0.0,0.0
130399,Igor Felisberto,SAO,Lateral,1.0,0.0,0.0,0,0.38,0.0,0.0,0.0,0.0,0.0,0.0,0.0,0.0,0.0,0.0,0.0,0.0,0.0,0.0,0.0,0.0,0.0,0.0,0.0,0.0
132750,João Pedro,SAN,Goleiro,1.0,0.0,0.0,0,0.38,0.0,0.0,0.0,0.0,0.0,0.0,0.0,0.0,0.0,0.0,0.0,0.0,0.0,0.0,0.0,0.0,0.0,0.0,0.0,0.0
150757,Samuel Pierri,SAN,Meia,1.88,0.0,0.45,2,0.7,0.0,1.0,2.0,0.0,0.0,0.0,0.0,0.0,0.0,0.0,0.0,0.0,0.0,0.0,0.0,0.0,0.0,0.0,0.0,0.0
146701,Benjamin Arhin,INT,Meia,1.73,0.0,-0.3,1,0.65,0.0,0.0,1.0,0.0,0.0,0.0,0.0,0.0,0.0,0.0,0.0,0.0,0.0,0.0,0.0,0.0,0.0,0.0,0.0,0.0
143255,Kauan Vitor,VIT,Lateral,1.0,0.0,0.0,0,0.38,0.0,0.0,0.0,0.0,0.0,0.0,0.0,0.0,0.0,0.0,0.0,0.0,0.0,0.0,0.0,0.0,0.0,0.0,0.0,0.0
143253,Wendell,VIT,Meia,2.0,0.0,0.0,0,0.75,0.0,0.0,0.0,0.0,0.0,0.0,0.0,0.0,0.0,0.0,0.0,0.0,0.0,0.0,0.0,0.0,0.0,0.0,0.0,0.0
150825,Breno,RBB,Zagueiro,2.8,0.0,3.35,2,1.05,0.0,1.0,1.0,0.0,0.0,1.0,1.0,0.0,0.0,0.0,0.0,0.0,0.0,0.0,0.0,0.0,0.0,0.0,0.0,0.0
150826,Nícollas,COR,Atacante,1.0,0.0,0.0,0,0.38,0.0,0.0,0.0,0.0,0.0,0.0,0.0,0.0,0.0,0.0,0.0,0.0,0.0,0.0,0.0,0.0,0.0,0.0,0.0,0.0
129665,Pablo,VAS,Goleiro,1.0,0.0,0.0,0,0.38,0.0,0.0,0.0,0.0,0.0,0.0,0.0,0.0,0.0,0.0,0.0,0.0,0.0,0.0,0.0,0.0,0.0,0.0,0.0,0.0
142868,Johnny,FLA,Lateral,0.89,0.0,0.0,1,0.33,0.0,0.0,0.0,0.0,0.0,0.0,0.0,0.0,0.0,0.0,0.0,0.0,0.0,0.0,0.0,0.0,0.0,0.0,0.0,0.0
150180,Ramon Rique,VAS,Meia,2.62,0.0,2.16,7,0.98,0.0,4.0,7.0,1.0,0.0,0.0,0.0,0.0,0.0,2.0,0.0,0.0,0.0,0.0,0.0,0.0,0.0,0.0,0.0,0.0
145660,Luiz Felipe,INT,Lateral,1.65,0.0,1.45,2,0.62,0.0,2.0,0.0,0.0,0.0,0.0,0.0,0.0,1.0,0.0,0.0,0.0,0.0,0.0,0.0,0.0,0.0,0.0,0.0,0.0
148092,Vitor Ramon,GRE,Lateral,1.0,0.0,0.2,1,0.38,1.0,1.0,1.0,0.0,0.0,0.0,0.0,0.0,0.0,0.0,0.0,0.0,0.0,0.0,0.0,0.0,0.0,0.0,0.0,0.0
150952,Arthur Monteiro,CAP,Lateral,1.0,0.0,0.0,0,0.38,0.0,0.0,0.0,0.0,0.0,0.0,0.0,0.0,0.0,0.0,0.0,0.0,0.0,0.0,0.0,0.0,0.0,0.0,0.0,0.0
147877,Cauan Farias,VIT,Zagueiro,1.0,0.0,0.0,0,0.38,0.0,0.0,0.0,0.0,0.0,0.0,0.0,0.0,0.0,0.0,0.0,0.0,0.0,0.0,0.0,0.0,0.0,0.0,0.0,0.0
147792,Koné,PAL,Zagueiro,2.0,0.0,0.0,0,0.75,0.0,0.0,0.0,0.0,0.0,0.0,0.0,0.0,0.0,0.0,0.0,0.0,0.0,0.0,0.0,0.0,0.0,0.0,0.0,0.0
144898,Vitinho,CAP,Lateral,1.0,0.0,0.0,0,0.38,0.0,0.0,0.0,0.0,0.0,0.0,0.0,0.0,0.0,0.0,0.0,0.0,0.0,0.0,0.0,0.0,0.0,0.0,0.0,0.0
117926,Nicolás Fonseca,CFC,Meia,6.0,0.0,0.0,0,2.25,0.0,0.0,0.0,0.0,0.0,0.0,0.0,0.0,0.0,0.0,0.0,0.0,0.0,0.0,0.0,0.0,0.0,0.0,0.0,0.0
141382,Gustavo Santana,SAO,Atacante,3.6,0.0,3.6,4,1.35,0.0,1.0,3.0,2.0,3.0,2.0,0.0,1.0,0.0,0.0,0.0,0.0,0.0,0.0,0.0,0.0,0.0,0.0,0.0,0.0
